Order ID,Customer ID,Product Category,Product Name,Order Date,Ship Date,Sales,Quantity,Discount,Profit,Region
ORD1000,CUST202,Technology,Notebook,2023-02-11,2023-04-13,1498.62,3,0.25,291.93,South
ORD1001,CUST535,Office Supplies,Chair,2023-04-23,2023-03-17,1446.72,1,0.16,372.77,South
ORD1002,CUST960,Office Supplies,Tablet,2023-04-15,2023-08-05,1656.45,5,0.37,38.34,West
ORD1003,CUST370,Office Supplies,Tablet,2023-07-11,2023-07-23,903.48,1,0.02,593.96,East
ORD1004,CUST206,Office Supplies,Tablet,2023-01-17,2023-07-12,1615.57,1,0.24,286.48,South
ORD1005,CUST171,Technology,Notebook,2023-04-30,2023-09-07,35.77,2,0.17,134.05,Central
ORD1006,CUST800,Furniture,Notebook,2023-05-09,2023-08-31,1850.63,4,0.46,-93.18,Central
ORD1007,CUST120,Technology,Laptop,2023-05-10,2023-06-29,897.75,6,0.01,38.85,Central
ORD1008,CUST714,Furniture,Printer,2023-03-01,2023-08-08,1115.69,8,0.28,749.28,Central
ORD1009,CUST221,Office Supplies,Desk,2023-02-17,2023-03-24,524.67,3,0.37,105.1,South
ORD1010,CUST566,Technology,Tablet,2023-01-29,2023-04-03,1490.21,1,0.24,-31.14,West
ORD1011,CUST314,Office Supplies,Pen,2023-04-07,2023-06-25,171.74,3,0.04,260.67,West
ORD1012,CUST430,Technology,Printer,2023-01-10,2023-08-28,1747.82,3,0.49,107.09,Central
ORD1013,CUST558,Office Supplies,Pen,2023-08-30,2023-09-18,1659.67,5,0.26,-164.84,West
ORD1014,CUST187,Furniture,Laptop,2023-11-10,2024-01-01,447.8,4,0.31,123.15,Central
ORD1015,CUST472,Furniture,Laptop,2023-08-20,2023-06-13,1622.46,4,0.12,344.11,Central
ORD1016,CUST199,Furniture,Laptop,2023-10-04,2023-02-18,1576.99,9,0.24,351.71,East
ORD1017,CUST971,Technology,Chair,2023-10-11,2023-11-26,1271.79,7,0.21,156.56,South
ORD1018,CUST763,Furniture,Pen,2023-07-22,2023-11-25,759.57,4,0.04,247.3,South
ORD1019,CUST230,Technology,Printer,2023-09-04,2023-04-27,557.57,3,0.05,765.52,Central
ORD1020,CUST761,Furniture,Printer,2023-10-17,2023-12-04,478.93,6,0.42,177.35,South
ORD1021,CUST408,Furniture,Notebook,2023-09-21,2023-12-04,650.85,3,0.12,58.23,West
ORD1022,CUST869,Technology,Notebook,2023-08-02,2024-01-05,1809.05,6,0.1,43.47,Central
ORD1023,CUST443,Technology,Tablet,2023-07-19,2023-08-14,173.73,9,0.25,257.76,East
ORD1024,CUST591,Furniture,Notebook,2023-03-20,2023-12-19,1661.17,6,0.38,559.52,West
ORD1025,CUST513,Technology,Laptop,2023-12-09,2023-11-25,710.8,4,0.03,5.99,East
ORD1026,CUST905,Furniture,Printer,2023-12-10,2023-05-28,1052.77,5,0.29,509.3,East
ORD1027,CUST485,Technology,Pen,2023-06-22,2023-03-05,1593.08,6,0.06,-178.85,South
ORD1028,CUST291,Office Supplies,Laptop,2023-03-10,2023-10-22,1771.07,3,0.02,218.93,South
ORD1029,CUST376,Office Supplies,Chair,2023-03-28,2023-11-20,702.67,8,0.03,575.87,Central
ORD1030,CUST260,Office Supplies,Notebook,2023-04-11,2023-11-22,934.45,4,0.42,138.73,South
ORD1031,CUST559,Office Supplies,Laptop,2023-01-08,2023-01-14,840.74,8,0.06,363.74,East
ORD1032,CUST413,Office Supplies,Laptop,2023-11-29,2023-07-09,46.24,3,0.02,4.98,East
ORD1033,CUST121,Furniture,Chair,2023-07-19,2023-10-15,605.97,7,0.22,542.0,West
ORD1034,CUST352,Office Supplies,Desk,2023-03-28,2023-07-28,929.19,9,0.42,-147.72,East
ORD1035,CUST847,Office Supplies,Printer,2023-02-12,2023-04-25,833.97,4,0.13,652.54,Central
ORD1036,CUST956,Office Supplies,Pen,2023-04-19,2023-01-23,1449.42,8,0.21,-1.8,Central
ORD1037,CUST660,Office Supplies,Tablet,2023-06-01,2023-12-16,781.91,3,0.02,674.4,South
ORD1038,CUST574,Technology,Desk,2023-01-17,2023-08-03,988.97,7,0.22,152.53,South
ORD1039,CUST158,Furniture,Notebook,2023-05-13,2023-06-21,870.63,3,0.29,522.68,South
ORD1040,CUST610,Office Supplies,Laptop,2023-05-28,2023-11-20,1486.44,7,0.29,119.23,Central
ORD1041,CUST781,Office Supplies,Chair,2023-10-04,2023-02-24,1728.69,6,0.17,705.91,East
ORD1042,CUST575,Office Supplies,Chair,2023-08-20,2023-10-26,1073.14,2,0.16,-73.36,South
ORD1043,CUST799,Furniture,Printer,2023-11-10,2023-11-17,1583.08,3,0.05,-21.48,West
ORD1044,CUST882,Technology,Desk,2023-08-16,2023-05-07,607.64,6,0.18,293.03,South
ORD1045,CUST289,Furniture,Tablet,2023-05-19,2023-10-05,1091.91,4,0.05,-118.06,Central
ORD1046,CUST786,Technology,Printer,2023-07-30,2023-07-24,703.56,6,0.38,-4.02,South
ORD1047,CUST662,Office Supplies,Laptop,2023-01-28,2023-07-14,840.12,1,0.48,743.77,East
ORD1048,CUST975,Office Supplies,Printer,2023-02-20,2023-06-19,1470.18,1,0.49,776.49,South
ORD1049,CUST666,Furniture,Pen,2023-09-18,2023-06-02,1765.69,3,0.43,176.26,Central
ORD1050,CUST343,Furniture,Chair,2023-09-18,2023-02-05,260.56,8,0.3,723.29,Central
ORD1051,CUST931,Technology,Chair,2023-12-16,2023-07-04,1276.59,8,0.35,344.82,West
ORD1052,CUST604,Technology,Notebook,2023-12-18,2023-10-14,1172.64,4,0.14,69.74,Central
ORD1053,CUST230,Furniture,Notebook,2023-01-08,2023-02-27,254.46,6,0.32,502.4,West
ORD1054,CUST584,Technology,Tablet,2023-11-16,2023-08-11,439.55,8,0.23,458.9,East
ORD1055,CUST918,Furniture,Laptop,2023-05-18,2023-10-31,635.78,7,0.24,789.13,Central
ORD1056,CUST746,Technology,Pen,2023-02-07,2023-06-13,350.52,7,0.38,65.05,South
ORD1057,CUST120,Furniture,Desk,2023-04-21,2023-01-20,502.58,4,0.14,472.06,East
ORD1058,CUST940,Furniture,Printer,2023-08-08,2023-09-22,549.85,9,0.16,-147.98,South
ORD1059,CUST266,Furniture,Tablet,2023-12-03,2023-10-10,684.63,6,0.46,-86.35,South
ORD1060,CUST373,Technology,Laptop,2023-08-11,2023-04-24,1503.79,3,0.03,-196.08,South
ORD1061,CUST487,Technology,Notebook,2023-05-16,2023-11-24,1152.39,5,0.24,799.46,East
ORD1062,CUST700,Technology,Printer,2023-09-13,2023-01-31,1972.77,5,0.46,602.27,East
ORD1063,CUST415,Furniture,Notebook,2023-12-26,2023-05-16,841.18,5,0.31,586.72,Central
ORD1064,CUST113,Technology,Printer,2023-11-25,2023-03-09,1512.65,8,0.27,309.73,South
ORD1065,CUST341,Technology,Desk,2023-02-18,2023-03-07,1745.51,9,0.12,100.07,West
ORD1066,CUST876,Furniture,Laptop,2023-10-19,2023-10-20,1364.38,9,0.17,-48.74,Central
ORD1067,CUST445,Office Supplies,Printer,2023-11-20,2023-01-26,835.49,6,0.43,84.67,East
ORD1068,CUST664,Furniture,Pen,2023-03-19,2023-02-07,1512.12,6,0.28,175.97,West
ORD1069,CUST997,Technology,Tablet,2023-04-15,2023-01-02,423.26,9,0.26,556.31,East
ORD1070,CUST439,Furniture,Chair,2023-06-18,2023-02-07,668.55,4,0.05,339.66,West
ORD1071,CUST191,Office Supplies,Pen,2023-08-05,2023-05-22,1102.44,6,0.01,-122.52,Central
ORD1072,CUST466,Furniture,Pen,2023-04-29,2023-08-21,1159.31,4,0.48,-181.97,West
ORD1073,CUST554,Technology,Tablet,2023-07-09,2023-05-17,63.84,1,0.19,-97.67,Central
ORD1074,CUST527,Office Supplies,Chair,2023-09-12,2023-07-08,1891.33,7,0.3,210.5,East
ORD1075,CUST608,Technology,Pen,2023-09-23,2023-05-09,1399.32,6,0.04,733.19,West
ORD1076,CUST875,Office Supplies,Printer,2023-05-29,2023-07-21,1001.49,9,0.34,437.4,South
ORD1077,CUST134,Office Supplies,Printer,2023-06-13,2023-05-08,1867.59,7,0.47,601.83,South
ORD1078,CUST305,Furniture,Printer,2023-05-20,2023-09-15,889.41,7,0.29,266.37,East
ORD1079,CUST180,Furniture,Chair,2023-12-13,2023-06-14,1961.26,2,0.06,161.67,West
ORD1080,CUST661,Technology,Pen,2023-09-15,2023-02-05,1034.32,9,0.29,-91.6,South
ORD1081,CUST971,Furniture,Chair,2023-09-26,2023-07-14,246.29,9,0.38,675.93,Central
ORD1082,CUST487,Furniture,Printer,2023-06-30,2023-07-11,1534.31,6,0.2,583.16,West
ORD1083,CUST101,Office Supplies,Tablet,2023-06-09,2023-04-15,1364.22,3,0.44,-31.88,West
ORD1084,CUST489,Furniture,Pen,2023-12-17,2023-01-24,1550.51,1,0.32,312.26,South
ORD1085,CUST665,Office Supplies,Pen,2023-10-15,2023-09-23,1903.86,4,0.45,287.37,Central
ORD1086,CUST205,Office Supplies,Notebook,2023-10-15,2023-10-18,1557.45,3,0.31,425.09,Central
ORD1087,CUST871,Office Supplies,Notebook,2023-08-14,2023-09-18,1230.45,1,0.07,746.19,Central
ORD1088,CUST921,Technology,Desk,2023-01-11,2023-12-25,1717.47,3,0.15,379.77,West
ORD1089,CUST576,Technology,Laptop,2023-01-10,2023-03-17,1353.03,4,0.1,340.22,East
ORD1090,CUST802,Technology,Notebook,2023-09-28,2023-12-22,828.08,8,0.45,-149.68,West
ORD1091,CUST501,Office Supplies,Chair,2023-09-30,2023-03-14,1773.53,9,0.38,-137.09,West
ORD1092,CUST829,Technology,Notebook,2023-07-02,2023-09-17,459.36,3,0.34,-12.65,South
ORD1093,CUST655,Technology,Desk,2023-06-02,2023-07-08,1434.99,6,0.15,-167.53,East
ORD1094,CUST261,Furniture,Pen,2023-11-11,2023-06-23,1765.5,5,0.09,543.35,Central
ORD1095,CUST301,Technology,Desk,2023-11-30,2023-10-18,1468.01,6,0.38,523.33,South
ORD1096,CUST369,Technology,Pen,2023-05-04,2023-02-15,1400.61,4,0.24,-63.94,West
ORD1097,CUST962,Office Supplies,Tablet,2023-04-24,2023-03-03,1510.22,6,0.11,636.08,East
ORD1098,CUST915,Office Supplies,Tablet,2023-10-05,2023-03-25,940.81,7,0.31,-45.21,Central
ORD1099,CUST370,Office Supplies,Pen,2023-08-01,2023-05-04,1750.86,9,0.02,101.18,Central
ORD1100,CUST555,Office Supplies,Laptop,2023-06-21,2023-12-25,422.8,7,0.16,48.98,West
ORD1101,CUST561,Office Supplies,Notebook,2023-10-15,2023-01-17,272.23,6,0.23,172.31,Central
ORD1102,CUST826,Office Supplies,Chair,2023-06-23,2023-03-08,585.31,1,0.07,54.66,Central
ORD1103,CUST351,Technology,Chair,2023-04-23,2023-05-26,1072.52,2,0.49,288.95,East
ORD1104,CUST801,Office Supplies,Printer,2023-05-02,2023-06-12,1030.91,1,0.1,207.41,South
ORD1105,CUST395,Office Supplies,Pen,2023-02-01,2023-08-23,1644.79,9,0.07,786.57,East
ORD1106,CUST824,Furniture,Chair,2023-08-10,2023-05-25,821.05,9,0.1,-144.07,South
ORD1107,CUST819,Technology,Laptop,2023-04-29,2023-12-25,979.0,7,0.38,-57.82,South
ORD1108,CUST848,Technology,Pen,2023-02-08,2023-07-08,46.47,2,0.21,-147.17,South
ORD1109,CUST437,Technology,Laptop,2023-09-25,2023-11-19,831.28,6,0.28,425.84,Central
ORD1110,CUST978,Office Supplies,Chair,2023-08-21,2023-01-14,1302.59,4,0.01,-145.49,East
ORD1111,CUST152,Office Supplies,Chair,2023-01-18,2023-07-04,50.71,1,0.02,636.44,Central
ORD1112,CUST891,Office Supplies,Printer,2023-05-29,2023-04-22,576.15,1,0.22,311.94,West
ORD1113,CUST316,Furniture,Chair,2023-05-29,2023-10-18,431.75,5,0.41,327.01,East
ORD1114,CUST863,Office Supplies,Pen,2023-05-06,2023-10-23,103.13,2,0.44,361.59,South
ORD1115,CUST287,Furniture,Tablet,2023-10-29,2023-08-04,968.93,4,0.04,-29.19,Central
ORD1116,CUST479,Technology,Pen,2023-12-26,2023-05-01,379.81,1,0.27,-2.31,Central
ORD1117,CUST592,Office Supplies,Pen,2023-08-26,2023-02-25,1491.3,4,0.46,118.82,East
ORD1118,CUST140,Furniture,Printer,2023-05-15,2023-01-28,1698.9,6,0.19,393.5,East
ORD1119,CUST256,Furniture,Printer,2023-05-31,2023-04-29,1100.26,4,0.41,10.12,South
ORD1120,CUST114,Office Supplies,Chair,2023-08-24,2023-08-10,1963.78,1,0.07,-83.67,South
ORD1121,CUST912,Technology,Desk,2023-08-12,2023-08-20,911.95,7,0.47,770.12,West
ORD1122,CUST164,Technology,Desk,2023-07-22,2023-02-23,1036.47,2,0.38,-178.02,South
ORD1123,CUST956,Technology,Printer,2023-09-13,2023-10-23,1978.65,9,0.47,602.7,Central
ORD1124,CUST938,Furniture,Chair,2023-03-27,2023-11-18,478.47,3,0.34,588.04,West
ORD1125,CUST620,Furniture,Desk,2023-05-30,2023-08-22,1886.24,8,0.18,97.21,West
ORD1126,CUST443,Furniture,Chair,2023-08-23,2023-06-08,104.82,8,0.47,-64.37,West
ORD1127,CUST228,Furniture,Chair,2023-12-11,2023-09-27,903.85,3,0.14,-54.37,East
ORD1128,CUST747,Technology,Chair,2023-01-22,2023-01-22,158.61,4,0.17,497.43,South
ORD1129,CUST571,Office Supplies,Notebook,2023-12-14,2023-02-23,1463.88,2,0.35,442.81,West
ORD1130,CUST162,Furniture,Pen,2023-10-12,2023-10-03,1224.65,4,0.38,582.75,East
ORD1131,CUST238,Furniture,Chair,2023-09-26,2023-11-10,1419.14,9,0.46,737.48,East
ORD1132,CUST598,Technology,Notebook,2023-09-15,2023-10-09,761.47,2,0.1,491.93,West
ORD1133,CUST692,Office Supplies,Printer,2023-01-29,2023-08-03,751.57,3,0.4,-44.15,West
ORD1134,CUST491,Office Supplies,Desk,2023-08-01,2023-02-01,109.73,4,0.37,43.44,Central
ORD1135,CUST774,Technology,Pen,2023-10-10,2023-12-04,712.89,5,0.03,642.19,West
ORD1136,CUST518,Technology,Tablet,2023-02-19,2023-07-03,1859.99,1,0.19,9.31,Central
ORD1137,CUST388,Office Supplies,Desk,2023-04-05,2023-01-24,770.87,7,0.14,-127.48,West
ORD1138,CUST478,Furniture,Pen,2023-03-29,2023-02-02,1666.11,7,0.15,503.28,West
ORD1139,CUST872,Office Supplies,Tablet,2023-02-13,2023-03-16,1687.8,9,0.49,202.53,South
ORD1140,CUST589,Technology,Desk,2023-10-05,2023-01-11,759.02,4,0.32,720.04,West
ORD1141,CUST330,Furniture,Pen,2023-06-20,2023-02-24,1271.34,6,0.36,450.26,West
ORD1142,CUST140,Furniture,Desk,2023-07-08,2023-02-22,208.84,2,0.49,-109.58,Central
ORD1143,CUST127,Technology,Desk,2023-12-19,2023-05-29,225.28,4,0.19,747.86,Central
ORD1144,CUST234,Technology,Tablet,2023-07-03,2023-06-10,116.34,2,0.4,58.56,South
ORD1145,CUST300,Technology,Desk,2023-01-03,2023-01-15,1170.41,5,0.22,137.21,West
ORD1146,CUST939,Office Supplies,Desk,2023-07-10,2023-06-28,863.62,7,0.43,202.26,West
ORD1147,CUST879,Office Supplies,Tablet,2023-04-28,2024-01-02,1105.1,1,0.09,-148.78,Central
ORD1148,CUST132,Furniture,Printer,2023-01-19,2023-02-23,1051.72,7,0.47,296.52,East
ORD1149,CUST147,Technology,Chair,2023-01-23,2023-12-02,713.4,6,0.11,-76.68,East
ORD1150,CUST602,Furniture,Laptop,2023-01-30,2023-01-23,1361.4,6,0.16,200.97,East
ORD1151,CUST506,Furniture,Notebook,2023-10-22,2023-01-31,1521.83,8,0.38,150.71,Central
ORD1152,CUST673,Furniture,Laptop,2023-04-18,2023-07-11,48.96,8,0.2,572.84,Central
ORD1153,CUST827,Furniture,Laptop,2023-10-08,2023-09-18,430.34,6,0.3,603.17,East
ORD1154,CUST904,Technology,Pen,2023-05-08,2023-07-25,1432.21,3,0.22,-46.59,East
ORD1155,CUST198,Furniture,Chair,2023-08-17,2023-03-01,785.51,5,0.37,166.55,West
ORD1156,CUST783,Technology,Pen,2023-04-21,2023-09-22,1331.72,2,0.11,173.35,Central
ORD1157,CUST971,Technology,Chair,2023-05-16,2023-01-13,706.99,5,0.03,-48.59,Central
ORD1158,CUST825,Office Supplies,Tablet,2023-12-28,2023-04-30,793.7,9,0.15,598.45,East
ORD1159,CUST646,Technology,Tablet,2023-07-05,2023-10-18,334.18,1,0.24,507.23,East
ORD1160,CUST838,Office Supplies,Chair,2023-05-24,2023-12-05,531.3,5,0.08,-9.62,South
ORD1161,CUST712,Technology,Desk,2023-03-13,2023-09-06,1218.72,6,0.18,166.72,Central
ORD1162,CUST561,Technology,Printer,2023-05-09,2023-12-21,877.66,7,0.2,-94.19,South
ORD1163,CUST742,Technology,Desk,2023-12-30,2023-05-08,1553.12,9,0.03,428.21,West
ORD1164,CUST868,Office Supplies,Printer,2023-09-18,2023-03-17,1708.12,6,0.29,-78.63,South
ORD1165,CUST104,Office Supplies,Pen,2023-01-03,2023-12-28,1092.46,5,0.44,785.93,East
ORD1166,CUST317,Furniture,Printer,2023-04-14,2023-07-24,1521.37,7,0.08,580.68,Central
ORD1167,CUST602,Office Supplies,Pen,2023-08-12,2023-02-19,627.67,1,0.3,190.24,Central
ORD1168,CUST866,Office Supplies,Tablet,2023-11-16,2023-03-21,841.64,5,0.33,378.56,South
ORD1169,CUST497,Office Supplies,Laptop,2023-12-28,2023-08-30,1431.3,2,0.21,711.34,South
ORD1170,CUST970,Office Supplies,Tablet,2023-12-20,2023-12-16,784.7,4,0.35,354.1,West
ORD1171,CUST894,Furniture,Tablet,2023-01-10,2023-06-04,1185.24,7,0.21,-25.5,West
ORD1172,CUST492,Office Supplies,Laptop,2023-10-29,2023-10-02,387.04,5,0.25,178.7,East
ORD1173,CUST306,Technology,Printer,2023-08-19,2023-04-07,1207.55,6,0.0,643.14,East
ORD1174,CUST114,Technology,Printer,2023-08-07,2023-08-03,1725.8,2,0.35,444.21,East
ORD1175,CUST957,Office Supplies,Pen,2023-03-07,2023-10-22,1739.91,3,0.33,450.72,South
ORD1176,CUST653,Office Supplies,Desk,2023-04-22,2023-07-29,1454.2,7,0.02,666.82,South
ORD1177,CUST991,Technology,Pen,2023-01-13,2023-12-10,1496.59,2,0.18,693.97,Central
ORD1178,CUST560,Technology,Desk,2023-03-27,2023-03-30,1124.7,6,0.49,719.79,East
ORD1179,CUST790,Furniture,Tablet,2023-08-22,2023-11-03,1177.64,5,0.21,-105.15,South
ORD1180,CUST674,Technology,Laptop,2023-03-31,2023-09-22,284.63,1,0.25,344.13,Central
ORD1181,CUST963,Technology,Tablet,2023-11-10,2023-11-22,898.84,4,0.45,540.51,East
ORD1182,CUST842,Office Supplies,Chair,2023-02-23,2023-11-17,912.54,2,0.36,556.93,West
ORD1183,CUST340,Technology,Printer,2023-01-12,2023-06-07,1917.83,4,0.29,406.72,West
ORD1184,CUST663,Furniture,Desk,2023-07-28,2023-06-06,873.55,1,0.4,-33.21,South
ORD1185,CUST195,Technology,Pen,2023-01-14,2023-05-20,1107.7,2,0.43,597.42,Central
ORD1186,CUST833,Office Supplies,Laptop,2023-05-01,2023-05-02,1075.84,8,0.23,520.11,West
ORD1187,CUST584,Office Supplies,Desk,2023-01-20,2023-03-07,1280.79,6,0.24,-113.86,Central
ORD1188,CUST506,Technology,Pen,2023-03-16,2023-04-18,1501.5,2,0.19,263.81,Central
ORD1189,CUST330,Office Supplies,Printer,2023-08-31,2023-05-28,465.58,6,0.48,-26.02,West
ORD1190,CUST848,Furniture,Tablet,2023-08-11,2023-05-18,1066.87,9,0.35,137.48,Central
ORD1191,CUST754,Furniture,Printer,2023-03-11,2023-06-12,1655.32,7,0.04,-181.92,West
ORD1192,CUST270,Technology,Notebook,2023-11-08,2023-04-11,936.97,9,0.43,200.33,South
ORD1193,CUST640,Technology,Chair,2023-07-30,2023-12-05,571.35,5,0.24,349.88,East
ORD1194,CUST135,Technology,Notebook,2023-04-11,2023-11-04,1316.32,7,0.03,419.58,East
ORD1195,CUST624,Office Supplies,Laptop,2023-07-05,2023-05-22,1651.06,7,0.27,463.49,South
ORD1196,CUST259,Furniture,Desk,2023-05-12,2023-03-25,145.02,3,0.21,636.29,West
ORD1197,CUST938,Furniture,Laptop,2023-04-21,2023-06-27,1558.05,7,0.44,15.46,West
ORD1198,CUST798,Office Supplies,Tablet,2023-05-12,2023-07-18,1646.86,1,0.1,-79.52,West
ORD1199,CUST342,Furniture,Pen,2023-01-20,2023-04-23,933.82,9,0.41,651.54,West
ORD1200,CUST185,Technology,Printer,2023-01-24,2023-02-26,1966.95,6,0.28,-43.39,South
ORD1201,CUST895,Technology,Notebook,2023-08-15,2023-06-29,1577.68,5,0.03,774.76,East
ORD1202,CUST677,Technology,Notebook,2023-06-03,2023-07-06,1551.85,7,0.49,642.54,Central
ORD1203,CUST781,Furniture,Tablet,2023-10-20,2023-08-07,1500.72,5,0.26,300.88,Central
ORD1204,CUST656,Technology,Notebook,2023-08-18,2023-11-13,318.2,5,0.15,781.42,East
ORD1205,CUST673,Office Supplies,Tablet,2023-11-06,2023-08-06,450.12,7,0.23,-102.62,South
ORD1206,CUST745,Office Supplies,Laptop,2023-12-25,2023-05-01,938.7,7,0.43,103.07,Central
ORD1207,CUST895,Furniture,Printer,2023-07-21,2023-06-25,542.73,3,0.15,438.22,East
ORD1208,CUST127,Office Supplies,Desk,2023-02-07,2023-01-24,842.18,3,0.1,150.01,South
ORD1209,CUST719,Office Supplies,Pen,2023-09-17,2023-08-02,1779.16,3,0.06,728.37,Central
ORD1210,CUST655,Furniture,Desk,2023-07-07,2023-08-24,1652.17,6,0.15,-134.37,West
ORD1211,CUST439,Technology,Laptop,2023-02-26,2023-01-14,1267.48,6,0.39,349.41,West
ORD1212,CUST897,Technology,Pen,2023-01-20,2023-04-12,1719.08,3,0.24,390.87,South
ORD1213,CUST430,Technology,Notebook,2023-09-30,2023-01-25,1571.87,3,0.11,452.73,West
ORD1214,CUST739,Furniture,Chair,2023-04-29,2023-12-31,869.39,8,0.08,55.67,South
ORD1215,CUST605,Office Supplies,Laptop,2023-03-12,2023-01-12,418.11,8,0.17,164.57,East
ORD1216,CUST447,Technology,Laptop,2023-01-04,2023-10-01,1038.12,7,0.47,643.68,East
ORD1217,CUST572,Technology,Printer,2023-08-09,2023-10-09,1477.73,4,0.17,-5.06,Central
ORD1218,CUST330,Furniture,Desk,2023-01-14,2023-04-05,884.11,4,0.49,626.87,South
ORD1219,CUST289,Technology,Laptop,2023-01-03,2023-07-21,1340.21,3,0.24,362.66,Central
ORD1220,CUST324,Furniture,Laptop,2023-08-04,2023-01-22,206.77,5,0.09,562.19,Central
ORD1221,CUST484,Office Supplies,Notebook,2023-08-17,2023-12-07,1501.05,3,0.45,513.61,East
ORD1222,CUST476,Furniture,Notebook,2023-12-02,2023-07-31,1629.17,8,0.23,7.51,Central
ORD1223,CUST382,Furniture,Pen,2023-07-05,2023-05-21,1419.54,7,0.35,368.81,West
ORD1224,CUST732,Furniture,Tablet,2023-02-24,2023-10-21,1935.18,3,0.49,667.72,Central
ORD1225,CUST727,Furniture,Tablet,2023-09-11,2023-10-26,1656.77,9,0.03,232.12,South
ORD1226,CUST844,Office Supplies,Chair,2023-01-24,2023-04-12,1808.13,5,0.05,766.59,West
ORD1227,CUST358,Office Supplies,Tablet,2023-06-11,2023-11-01,1868.47,9,0.36,252.22,East
ORD1228,CUST458,Technology,Printer,2023-06-07,2023-12-26,1606.67,7,0.14,-57.21,South
ORD1229,CUST809,Office Supplies,Chair,2023-03-23,2023-01-29,1355.03,7,0.09,189.43,West
ORD1230,CUST555,Office Supplies,Pen,2023-06-08,2023-02-11,31.32,6,0.02,751.7,South
ORD1231,CUST510,Technology,Notebook,2023-07-07,2023-12-22,942.33,2,0.01,119.72,West
ORD1232,CUST748,Office Supplies,Tablet,2023-03-01,2023-10-31,1150.9,9,0.39,668.1,South
ORD1233,CUST417,Furniture,Desk,2023-11-01,2023-05-27,621.98,6,0.07,681.25,South
ORD1234,CUST776,Furniture,Notebook,2023-11-15,2023-09-14,649.85,8,0.23,150.19,West
ORD1235,CUST324,Technology,Printer,2023-07-30,2023-08-16,1923.1,1,0.3,-116.74,East
ORD1236,CUST918,Technology,Notebook,2023-06-01,2023-08-25,1785.59,5,0.21,524.56,East
ORD1237,CUST333,Technology,Printer,2023-04-19,2023-12-28,1701.37,1,0.01,111.51,South
ORD1238,CUST783,Furniture,Printer,2023-03-17,2023-01-14,823.9,8,0.39,582.92,South
ORD1239,CUST763,Office Supplies,Printer,2023-01-30,2023-07-30,47.12,8,0.01,242.65,East
ORD1240,CUST926,Furniture,Pen,2023-11-10,2023-08-18,178.84,1,0.38,285.27,East
ORD1241,CUST473,Technology,Printer,2023-04-27,2023-04-11,638.15,9,0.45,577.91,Central
ORD1242,CUST771,Office Supplies,Printer,2023-12-22,2023-02-01,51.17,2,0.22,182.36,East
ORD1243,CUST707,Office Supplies,Desk,2023-07-11,2023-01-17,53.96,9,0.27,243.13,South
ORD1244,CUST571,Furniture,Chair,2023-01-19,2023-05-18,1834.87,1,0.24,176.19,West
ORD1245,CUST332,Technology,Laptop,2023-06-22,2023-11-26,1418.19,9,0.19,167.34,East
ORD1246,CUST791,Furniture,Chair,2023-08-16,2023-06-16,631.73,4,0.44,325.95,Central
ORD1247,CUST212,Office Supplies,Printer,2023-12-16,2023-11-07,282.64,9,0.45,608.8,Central
ORD1248,CUST929,Furniture,Desk,2023-07-02,2023-04-11,1033.04,7,0.17,161.77,Central
ORD1249,CUST596,Furniture,Notebook,2023-04-23,2023-04-20,30.59,6,0.31,324.25,West
ORD1250,CUST541,Technology,Desk,2023-07-02,2023-12-10,1878.06,5,0.46,470.73,East
ORD1251,CUST663,Technology,Printer,2023-05-26,2023-06-23,841.33,9,0.48,69.44,East
ORD1252,CUST367,Office Supplies,Desk,2023-11-15,2023-08-26,816.62,2,0.25,77.52,East
ORD1253,CUST609,Furniture,Tablet,2023-04-26,2023-06-12,793.38,2,0.23,733.41,West
ORD1254,CUST906,Furniture,Desk,2023-04-23,2023-08-05,157.27,9,0.14,523.53,West
ORD1255,CUST485,Furniture,Printer,2023-09-08,2023-09-22,1283.88,3,0.48,377.19,South
ORD1256,CUST486,Office Supplies,Pen,2023-09-08,2023-09-21,1471.35,8,0.07,447.72,Central
ORD1257,CUST212,Office Supplies,Tablet,2023-10-30,2023-10-20,1358.73,9,0.29,-170.7,Central
ORD1258,CUST712,Technology,Desk,2023-11-09,2023-10-02,294.1,8,0.14,418.1,East
ORD1259,CUST724,Technology,Laptop,2023-04-28,2023-01-04,1166.1,4,0.14,309.51,West
ORD1260,CUST180,Technology,Laptop,2023-10-28,2023-01-29,1147.58,1,0.2,345.75,West
ORD1261,CUST798,Furniture,Desk,2023-06-10,2023-11-23,1739.45,4,0.5,159.42,East
ORD1262,CUST212,Furniture,Pen,2023-07-17,2023-05-30,770.67,9,0.03,-118.53,East
ORD1263,CUST101,Technology,Notebook,2023-09-17,2023-01-29,755.54,2,0.29,-6.66,South
ORD1264,CUST741,Furniture,Printer,2023-05-28,2023-11-07,1244.68,3,0.04,750.74,Central
ORD1265,CUST319,Technology,Laptop,2023-08-28,2023-03-07,1273.48,8,0.08,208.7,Central
ORD1266,CUST665,Office Supplies,Notebook,2023-02-16,2023-12-23,949.18,6,0.22,266.68,Central
ORD1267,CUST954,Technology,Desk,2023-07-17,2023-01-22,897.26,8,0.26,-147.29,South
ORD1268,CUST835,Office Supplies,Notebook,2023-02-16,2023-09-10,998.41,7,0.13,-162.43,East
ORD1269,CUST324,Furniture,Tablet,2023-03-19,2023-08-24,1724.87,5,0.16,517.18,East
ORD1270,CUST484,Technology,Chair,2023-05-04,2023-08-16,933.11,9,0.04,338.09,Central
ORD1271,CUST502,Furniture,Laptop,2023-03-16,2023-01-14,1881.06,4,0.15,308.71,Central
ORD1272,CUST737,Office Supplies,Desk,2023-12-25,2023-11-10,1017.93,6,0.48,43.12,South
ORD1273,CUST229,Office Supplies,Printer,2023-05-17,2023-02-19,1899.42,2,0.47,544.75,West
ORD1274,CUST152,Office Supplies,Pen,2023-03-31,2023-04-29,1669.01,2,0.17,-31.76,West
ORD1275,CUST783,Furniture,Tablet,2023-11-21,2023-02-24,737.61,2,0.29,-10.07,Central
ORD1276,CUST829,Furniture,Desk,2023-03-02,2023-05-19,1730.01,7,0.45,260.71,South
ORD1277,CUST771,Furniture,Printer,2023-05-18,2023-02-23,237.93,2,0.0,86.28,Central
ORD1278,CUST809,Furniture,Pen,2023-02-19,2023-02-14,1851.59,2,0.41,47.46,West
ORD1279,CUST515,Office Supplies,Pen,2023-09-16,2023-10-31,1270.65,9,0.47,445.24,Central
ORD1280,CUST346,Office Supplies,Desk,2023-04-17,2023-02-23,127.69,7,0.05,450.97,West
ORD1281,CUST935,Technology,Tablet,2023-04-23,2023-03-16,1295.63,3,0.08,624.52,West
ORD1282,CUST538,Technology,Notebook,2023-12-16,2023-02-16,1949.01,3,0.48,217.71,West
ORD1283,CUST302,Furniture,Notebook,2023-09-11,2023-01-14,158.21,7,0.27,-126.91,East
ORD1284,CUST283,Office Supplies,Pen,2023-04-28,2023-06-15,1118.28,5,0.01,73.67,East
ORD1285,CUST222,Office Supplies,Notebook,2023-07-17,2023-04-13,1500.63,6,0.13,780.01,Central
ORD1286,CUST500,Office Supplies,Chair,2023-12-03,2023-10-08,1624.31,8,0.22,396.26,West
ORD1287,CUST866,Technology,Pen,2023-12-31,2023-09-16,839.38,9,0.35,509.74,East
ORD1288,CUST393,Technology,Pen,2023-02-20,2023-12-04,424.25,1,0.37,-192.64,Central
ORD1289,CUST379,Office Supplies,Printer,2023-09-02,2023-12-23,103.84,3,0.5,318.21,Central
ORD1290,CUST936,Office Supplies,Notebook,2023-02-04,2023-05-19,1167.86,7,0.14,-162.47,Central
ORD1291,CUST983,Office Supplies,Tablet,2023-10-29,2023-06-13,916.76,6,0.27,369.23,Central
ORD1292,CUST709,Technology,Pen,2023-03-10,2023-04-22,1898.51,7,0.27,720.77,Central
ORD1293,CUST297,Office Supplies,Tablet,2023-12-15,2023-04-13,140.0,8,0.2,768.42,South
ORD1294,CUST610,Office Supplies,Chair,2023-11-16,2023-01-18,1377.08,6,0.08,340.55,West
ORD1295,CUST851,Furniture,Printer,2023-02-18,2023-09-26,69.43,3,0.49,258.2,Central
ORD1296,CUST243,Furniture,Desk,2023-03-15,2023-07-02,359.44,2,0.43,745.02,South
ORD1297,CUST708,Technology,Tablet,2023-07-11,2023-01-25,918.09,7,0.25,473.61,West
ORD1298,CUST300,Office Supplies,Pen,2023-09-18,2023-01-30,920.65,1,0.3,-135.1,East
ORD1299,CUST223,Office Supplies,Chair,2023-12-22,2023-06-21,1377.69,3,0.11,265.73,Central
ORD1300,CUST286,Furniture,Laptop,2023-03-11,2023-08-17,1822.22,4,0.27,40.25,South
ORD1301,CUST425,Technology,Chair,2023-03-31,2023-07-08,1285.28,1,0.35,269.8,East
ORD1302,CUST563,Furniture,Chair,2023-09-17,2023-12-13,1908.0,5,0.26,255.47,South
ORD1303,CUST448,Furniture,Printer,2023-05-06,2023-08-19,1765.6,3,0.5,382.14,West
ORD1304,CUST870,Furniture,Desk,2023-08-19,2023-11-18,1177.31,2,0.31,156.77,West
ORD1305,CUST759,Furniture,Laptop,2023-10-22,2023-12-07,1670.91,3,0.19,-35.73,East
ORD1306,CUST863,Office Supplies,Notebook,2023-05-09,2023-04-30,1292.3,8,0.39,303.72,South
ORD1307,CUST502,Office Supplies,Notebook,2023-10-07,2023-06-06,175.54,6,0.09,630.2,Central
ORD1308,CUST445,Furniture,Tablet,2023-11-09,2023-09-30,1486.32,7,0.19,464.01,Central
ORD1309,CUST610,Technology,Chair,2023-04-10,2023-06-25,207.92,6,0.17,138.37,East
ORD1310,CUST246,Technology,Printer,2023-11-22,2023-04-15,1196.28,6,0.22,735.52,East
ORD1311,CUST247,Technology,Printer,2023-10-24,2023-04-03,1411.23,3,0.39,712.21,East
ORD1312,CUST963,Technology,Notebook,2023-07-01,2023-07-06,151.72,8,0.24,9.35,South
ORD1313,CUST810,Furniture,Tablet,2023-06-23,2023-10-11,476.97,7,0.4,-160.58,Central
ORD1314,CUST919,Office Supplies,Tablet,2023-11-12,2023-07-01,1833.03,7,0.29,541.31,Central
ORD1315,CUST588,Technology,Tablet,2023-12-30,2023-06-20,1240.3,6,0.17,627.61,Central
ORD1316,CUST739,Furniture,Laptop,2023-07-07,2023-07-07,507.65,5,0.4,767.86,East
ORD1317,CUST650,Technology,Desk,2023-02-26,2023-06-25,1387.55,8,0.12,689.84,Central
ORD1318,CUST437,Technology,Laptop,2023-01-31,2023-08-11,1201.62,5,0.11,400.53,West
ORD1319,CUST971,Furniture,Pen,2023-03-25,2023-08-22,1013.12,9,0.25,330.05,East
ORD1320,CUST740,Office Supplies,Pen,2023-06-01,2023-06-12,1952.85,9,0.13,-172.16,Central
ORD1321,CUST878,Office Supplies,Desk,2023-02-05,2023-05-15,1373.24,1,0.0,46.66,South
ORD1322,CUST572,Furniture,Notebook,2023-08-01,2023-08-13,763.37,6,0.32,259.61,East
ORD1323,CUST250,Office Supplies,Desk,2023-12-30,2023-06-03,1604.15,7,0.26,428.5,West
ORD1324,CUST514,Furniture,Printer,2023-04-16,2023-02-03,1771.47,3,0.22,357.25,West
ORD1325,CUST397,Furniture,Pen,2023-12-08,2023-02-25,267.94,7,0.48,542.64,South
ORD1326,CUST710,Furniture,Chair,2023-08-08,2023-01-08,417.09,7,0.29,79.77,South
ORD1327,CUST362,Office Supplies,Chair,2023-06-12,2023-09-02,448.13,2,0.43,364.95,East
ORD1328,CUST863,Furniture,Notebook,2023-08-08,2023-11-10,1388.6,7,0.07,-111.86,East
ORD1329,CUST243,Technology,Printer,2023-09-27,2023-05-07,1214.02,1,0.28,213.67,West
ORD1330,CUST445,Office Supplies,Laptop,2023-04-30,2023-01-13,1245.6,5,0.43,550.16,South
ORD1331,CUST723,Office Supplies,Printer,2023-12-02,2023-01-17,1882.73,9,0.29,493.4,East
ORD1332,CUST671,Office Supplies,Chair,2023-07-01,2023-07-28,1556.3,7,0.36,790.64,West
ORD1333,CUST980,Office Supplies,Chair,2023-04-16,2023-02-13,273.32,7,0.19,77.89,South
ORD1334,CUST101,Technology,Pen,2023-08-05,2023-05-16,708.06,2,0.05,298.19,West
ORD1335,CUST996,Office Supplies,Printer,2023-07-24,2023-08-17,882.08,8,0.23,129.53,Central
ORD1336,CUST403,Office Supplies,Printer,2023-03-11,2023-04-22,804.0,3,0.2,240.6,South
ORD1337,CUST353,Furniture,Chair,2023-02-13,2023-11-04,1345.23,8,0.43,656.95,East
ORD1338,CUST751,Office Supplies,Laptop,2023-11-25,2023-06-10,1785.95,3,0.12,484.21,East
ORD1339,CUST552,Technology,Notebook,2023-10-28,2023-11-28,625.98,7,0.48,682.44,Central
ORD1340,CUST136,Technology,Tablet,2023-08-16,2023-09-22,1112.72,2,0.48,3.51,South
ORD1341,CUST259,Technology,Notebook,2023-07-03,2023-08-14,1583.03,4,0.12,673.36,West
ORD1342,CUST108,Technology,Printer,2023-04-17,2023-08-06,844.11,6,0.17,-140.24,East
ORD1343,CUST332,Office Supplies,Notebook,2023-03-25,2023-02-15,352.87,9,0.45,688.6,Central
ORD1344,CUST198,Office Supplies,Chair,2023-12-04,2023-08-03,960.4,5,0.48,129.07,Central
ORD1345,CUST758,Technology,Chair,2023-09-07,2023-03-01,129.34,9,0.22,114.59,South
ORD1346,CUST915,Technology,Printer,2023-12-29,2023-05-13,1885.92,5,0.16,312.09,South
ORD1347,CUST307,Office Supplies,Printer,2023-01-21,2023-04-15,168.15,8,0.26,740.69,East
ORD1348,CUST230,Technology,Tablet,2023-07-15,2023-07-15,888.14,1,0.34,-152.22,Central
ORD1349,CUST503,Furniture,Tablet,2023-06-27,2023-06-07,1069.16,7,0.14,152.23,West
ORD1350,CUST251,Technology,Pen,2023-01-07,2023-04-09,1970.9,4,0.37,656.57,Central
ORD1351,CUST153,Technology,Printer,2023-03-11,2023-08-15,348.72,5,0.03,196.05,West
ORD1352,CUST219,Furniture,Laptop,2023-05-07,2023-07-25,246.57,6,0.02,-0.84,West
ORD1353,CUST772,Furniture,Notebook,2023-06-09,2023-03-21,37.24,5,0.19,224.79,East
ORD1354,CUST727,Office Supplies,Printer,2023-09-05,2023-05-05,328.03,1,0.18,185.55,Central
ORD1355,CUST686,Office Supplies,Desk,2023-07-22,2023-08-07,430.4,9,0.16,715.42,West
ORD1356,CUST724,Furniture,Pen,2023-05-28,2023-01-05,1268.55,2,0.25,561.93,South
ORD1357,CUST519,Furniture,Desk,2023-05-23,2023-04-01,455.02,9,0.16,305.12,West
ORD1358,CUST521,Office Supplies,Chair,2023-07-18,2023-04-15,60.63,2,0.1,788.37,South
ORD1359,CUST203,Technology,Tablet,2023-06-03,2023-04-30,1656.7,9,0.15,265.28,South
ORD1360,CUST951,Furniture,Notebook,2023-05-22,2023-05-14,743.88,6,0.49,-141.76,Central
ORD1361,CUST353,Office Supplies,Printer,2023-11-09,2023-11-09,720.32,9,0.21,62.27,South
ORD1362,CUST326,Technology,Desk,2023-06-14,2023-04-07,618.91,6,0.22,236.07,West
ORD1363,CUST211,Furniture,Notebook,2023-11-10,2023-11-28,1951.24,6,0.29,-43.1,South
ORD1364,CUST609,Technology,Chair,2023-01-21,2023-05-24,356.83,2,0.49,747.57,Central
ORD1365,CUST572,Office Supplies,Tablet,2023-03-23,2023-10-16,1798.51,8,0.12,566.85,East
ORD1366,CUST198,Furniture,Laptop,2023-03-10,2023-01-29,1558.07,3,0.34,68.29,West
ORD1367,CUST252,Technology,Pen,2023-05-11,2023-10-06,171.43,7,0.36,390.8,West
ORD1368,CUST960,Furniture,Notebook,2023-03-28,2023-08-22,1973.72,5,0.3,521.45,Central
ORD1369,CUST995,Technology,Notebook,2023-08-06,2023-01-18,557.3,3,0.04,741.28,Central
ORD1370,CUST977,Office Supplies,Laptop,2023-11-01,2023-03-01,215.19,1,0.34,681.64,Central
ORD1371,CUST437,Office Supplies,Notebook,2023-12-11,2023-04-01,1662.04,8,0.03,315.19,Central
ORD1372,CUST805,Furniture,Chair,2023-12-07,2023-07-19,1419.22,3,0.3,574.65,West
ORD1373,CUST921,Technology,Chair,2023-06-10,2023-12-29,1242.09,2,0.37,362.14,East
ORD1374,CUST262,Furniture,Laptop,2023-06-27,2023-01-27,328.84,1,0.11,352.7,South
ORD1375,CUST819,Furniture,Pen,2023-04-27,2023-01-26,967.42,4,0.42,-85.26,South
ORD1376,CUST780,Technology,Printer,2023-07-15,2023-10-29,1565.5,8,0.02,-73.86,East
ORD1377,CUST260,Technology,Desk,2023-11-23,2023-12-06,621.18,3,0.42,329.53,East
ORD1378,CUST679,Technology,Printer,2023-03-27,2023-09-25,637.15,1,0.23,68.86,East
ORD1379,CUST900,Office Supplies,Notebook,2023-10-16,2023-07-01,26.22,4,0.11,-178.96,Central
ORD1380,CUST497,Furniture,Desk,2023-03-22,2023-12-27,365.0,9,0.07,522.84,West
ORD1381,CUST376,Furniture,Laptop,2023-06-01,2023-03-10,1753.3,1,0.48,-167.51,West
ORD1382,CUST915,Office Supplies,Laptop,2023-03-02,2023-12-18,894.66,2,0.04,395.28,West
ORD1383,CUST603,Technology,Pen,2023-03-02,2023-11-18,1968.78,9,0.1,339.19,Central
ORD1384,CUST995,Office Supplies,Desk,2023-12-20,2023-02-19,803.5,2,0.17,768.81,West
ORD1385,CUST491,Office Supplies,Chair,2023-01-28,2023-06-25,1436.07,3,0.31,284.21,Central
ORD1386,CUST234,Office Supplies,Desk,2023-02-12,2023-02-22,578.2,7,0.27,-136.4,West
ORD1387,CUST294,Furniture,Notebook,2023-06-18,2023-04-13,740.34,3,0.06,351.69,East
ORD1388,CUST500,Office Supplies,Chair,2023-03-27,2023-08-05,397.64,9,0.14,641.1,South
ORD1389,CUST739,Furniture,Tablet,2023-06-26,2023-07-08,707.18,6,0.12,796.85,South
ORD1390,CUST132,Furniture,Tablet,2023-01-17,2023-02-27,1103.53,3,0.11,230.34,Central
ORD1391,CUST787,Furniture,Tablet,2023-04-08,2023-02-17,1983.71,9,0.21,120.3,West
ORD1392,CUST559,Technology,Laptop,2023-07-17,2023-06-09,1335.12,1,0.35,706.65,South
ORD1393,CUST982,Furniture,Desk,2023-04-08,2023-06-24,414.51,3,0.11,-8.76,East
ORD1394,CUST569,Furniture,Tablet,2023-03-06,2023-08-31,109.02,1,0.18,415.43,East
ORD1395,CUST474,Technology,Printer,2023-11-26,2023-10-10,270.19,2,0.2,205.71,East
ORD1396,CUST121,Furniture,Pen,2023-12-07,2023-08-30,1133.86,8,0.49,-158.92,Central
ORD1397,CUST849,Office Supplies,Printer,2023-01-05,2023-01-06,1535.02,7,0.48,147.29,Central
ORD1398,CUST769,Office Supplies,Tablet,2023-01-02,2023-03-26,1882.03,2,0.4,65.23,West
ORD1399,CUST137,Furniture,Pen,2023-01-22,2023-11-05,51.33,2,0.12,486.09,East
ORD1400,CUST329,Technology,Notebook,2023-04-22,2023-12-28,1055.07,9,0.03,748.79,West
ORD1401,CUST464,Office Supplies,Printer,2023-02-26,2023-09-06,952.32,6,0.16,68.05,West
ORD1402,CUST662,Technology,Desk,2023-03-07,2023-02-24,1318.99,5,0.13,611.47,East
ORD1403,CUST537,Technology,Desk,2023-11-26,2023-06-11,1127.97,6,0.25,-144.64,West
ORD1404,CUST875,Office Supplies,Printer,2023-04-08,2023-08-15,1380.34,9,0.39,338.12,South
ORD1405,CUST382,Technology,Tablet,2023-05-24,2023-01-16,1323.0,7,0.43,-129.45,Central
ORD1406,CUST126,Office Supplies,Desk,2023-05-05,2023-08-13,251.68,9,0.42,734.03,West
ORD1407,CUST325,Technology,Notebook,2023-06-16,2023-03-03,1603.44,4,0.18,566.35,East
ORD1408,CUST376,Office Supplies,Chair,2023-03-27,2023-05-03,264.0,2,0.34,457.95,Central
ORD1409,CUST897,Furniture,Tablet,2023-03-17,2023-10-05,1403.09,8,0.16,623.9,Central
ORD1410,CUST708,Office Supplies,Notebook,2023-12-10,2023-02-16,843.97,4,0.03,447.52,West
ORD1411,CUST383,Office Supplies,Pen,2023-10-21,2023-10-22,1037.42,9,0.35,768.94,South
ORD1412,CUST978,Office Supplies,Notebook,2023-02-28,2023-03-04,1808.53,4,0.0,513.96,West
ORD1413,CUST580,Office Supplies,Tablet,2023-05-18,2023-03-28,1781.97,8,0.2,724.66,South
ORD1414,CUST552,Technology,Pen,2023-04-09,2023-07-30,1639.36,9,0.16,317.13,Central
ORD1415,CUST928,Furniture,Tablet,2023-07-11,2023-03-20,1030.09,9,0.35,-82.94,West
ORD1416,CUST915,Office Supplies,Desk,2023-08-31,2023-07-22,1477.75,4,0.38,328.18,East
ORD1417,CUST758,Technology,Chair,2023-11-15,2023-10-30,1035.54,1,0.15,-73.13,West
ORD1418,CUST615,Furniture,Tablet,2023-02-18,2023-08-12,1741.82,3,0.41,392.49,South
ORD1419,CUST646,Furniture,Tablet,2023-02-01,2023-08-11,817.5,9,0.15,282.49,South
ORD1420,CUST291,Furniture,Desk,2023-10-04,2023-01-04,1941.07,4,0.22,422.58,West
ORD1421,CUST148,Furniture,Laptop,2023-01-20,2023-01-07,1866.0,5,0.36,-189.95,South
ORD1422,CUST611,Office Supplies,Desk,2023-06-03,2023-04-04,1488.37,7,0.35,-5.16,Central
ORD1423,CUST116,Office Supplies,Pen,2023-03-09,2023-01-09,573.24,5,0.49,291.33,West
ORD1424,CUST271,Technology,Desk,2023-08-02,2023-08-24,280.67,4,0.11,750.5,South
ORD1425,CUST319,Technology,Desk,2023-05-23,2023-04-19,1712.31,2,0.33,183.61,West
ORD1426,CUST257,Technology,Chair,2023-08-20,2023-06-11,347.3,2,0.3,224.37,West
ORD1427,CUST576,Furniture,Desk,2023-08-01,2023-07-29,1711.44,4,0.46,514.7,East
ORD1428,CUST145,Furniture,Tablet,2023-03-20,2023-08-29,991.71,9,0.08,403.79,West
ORD1429,CUST472,Office Supplies,Chair,2023-08-02,2023-11-28,824.98,8,0.38,98.93,East
ORD1430,CUST617,Furniture,Printer,2023-04-26,2023-11-30,1808.32,3,0.28,210.82,South
ORD1431,CUST198,Furniture,Laptop,2023-04-02,2023-02-20,1215.62,9,0.14,17.7,East
ORD1432,CUST991,Furniture,Chair,2023-09-27,2023-01-12,1161.7,5,0.24,766.02,East
ORD1433,CUST844,Technology,Pen,2023-06-17,2023-12-18,1126.36,3,0.17,-69.37,East
ORD1434,CUST136,Technology,Printer,2023-02-27,2023-06-06,754.92,5,0.29,171.84,Central
ORD1435,CUST379,Office Supplies,Chair,2023-10-11,2023-03-12,1575.57,4,0.44,-174.16,East
ORD1436,CUST448,Furniture,Chair,2023-01-26,2023-06-19,520.54,8,0.28,21.78,West
ORD1437,CUST596,Furniture,Laptop,2023-03-07,2023-09-30,1879.01,5,0.32,580.47,East
ORD1438,CUST401,Office Supplies,Tablet,2023-09-05,2023-03-10,1790.09,8,0.26,1.18,West
ORD1439,CUST280,Furniture,Pen,2023-09-11,2023-12-22,688.21,9,0.03,-119.94,East
ORD1440,CUST706,Furniture,Notebook,2023-02-13,2023-09-10,1464.34,4,0.12,274.45,Central
ORD1441,CUST198,Technology,Notebook,2023-04-07,2023-02-18,1154.98,7,0.25,-190.03,South
ORD1442,CUST799,Office Supplies,Chair,2023-02-11,2023-07-04,688.55,2,0.16,-115.23,East
ORD1443,CUST215,Office Supplies,Desk,2023-08-15,2023-11-17,1977.27,6,0.09,607.63,East
ORD1444,CUST290,Office Supplies,Pen,2023-09-19,2023-07-07,69.97,8,0.25,571.47,Central
ORD1445,CUST352,Office Supplies,Printer,2023-06-16,2023-04-01,520.24,7,0.16,715.14,East
ORD1446,CUST260,Technology,Desk,2023-10-06,2023-11-29,1049.75,7,0.13,654.52,West
ORD1447,CUST355,Technology,Desk,2023-03-30,2023-05-20,1053.47,8,0.23,483.18,East
ORD1448,CUST422,Furniture,Pen,2023-06-27,2023-12-24,1186.09,7,0.07,-147.67,East
ORD1449,CUST227,Furniture,Tablet,2023-07-16,2023-03-31,1508.32,5,0.46,582.85,South
ORD1450,CUST117,Furniture,Chair,2023-11-03,2023-10-02,1254.49,7,0.43,645.51,South
ORD1451,CUST892,Furniture,Chair,2023-09-24,2023-01-20,1208.56,3,0.35,599.08,East
ORD1452,CUST834,Technology,Chair,2023-09-25,2023-11-08,125.96,5,0.05,308.48,Central
ORD1453,CUST665,Office Supplies,Chair,2023-03-15,2023-12-25,765.53,7,0.39,32.9,South
ORD1454,CUST669,Technology,Notebook,2023-01-08,2023-06-04,479.47,9,0.4,645.33,East
ORD1455,CUST422,Furniture,Chair,2023-10-24,2023-09-18,545.43,2,0.38,527.16,South
ORD1456,CUST971,Technology,Notebook,2023-06-13,2023-04-19,1117.59,4,0.06,780.76,East
ORD1457,CUST785,Office Supplies,Notebook,2023-03-26,2023-10-13,415.02,7,0.32,-44.31,South
ORD1458,CUST891,Office Supplies,Tablet,2023-03-13,2023-03-01,602.02,1,0.42,25.66,South
ORD1459,CUST725,Technology,Chair,2023-02-24,2023-05-06,489.43,2,0.29,11.8,West
ORD1460,CUST387,Technology,Laptop,2023-02-16,2023-12-21,1898.04,9,0.32,592.54,East
ORD1461,CUST953,Technology,Printer,2023-08-26,2023-10-01,1890.44,7,0.23,-13.09,East
ORD1462,CUST762,Furniture,Desk,2023-04-14,2023-04-18,1227.68,7,0.26,-133.34,East
ORD1463,CUST738,Technology,Notebook,2023-07-29,2023-10-27,1850.55,6,0.02,798.56,East
ORD1464,CUST254,Technology,Pen,2023-02-11,2023-09-03,1575.91,3,0.32,-175.18,South
ORD1465,CUST589,Technology,Pen,2023-11-12,2023-12-03,1188.1,3,0.04,635.24,West
ORD1466,CUST485,Office Supplies,Printer,2023-09-25,2023-09-05,32.74,2,0.22,165.37,West
ORD1467,CUST884,Office Supplies,Pen,2023-09-20,2023-01-09,1549.58,6,0.15,641.62,Central
ORD1468,CUST203,Furniture,Laptop,2023-12-02,2023-05-22,1410.93,4,0.27,354.62,East
ORD1469,CUST492,Furniture,Pen,2023-12-31,2023-12-29,1238.2,5,0.07,701.63,Central
ORD1470,CUST910,Office Supplies,Desk,2023-09-16,2023-01-09,1525.64,3,0.35,726.19,South
ORD1471,CUST345,Office Supplies,Desk,2023-10-10,2023-12-19,1035.59,6,0.4,-190.9,Central
ORD1472,CUST275,Office Supplies,Notebook,2023-04-24,2023-04-05,1414.08,3,0.08,-124.59,East
ORD1473,CUST138,Technology,Chair,2023-12-29,2023-11-18,1871.64,8,0.05,50.36,West
ORD1474,CUST576,Technology,Tablet,2023-02-09,2023-02-09,764.09,9,0.07,469.32,West
ORD1475,CUST781,Office Supplies,Laptop,2023-08-08,2023-03-23,1422.08,4,0.44,688.27,East
ORD1476,CUST858,Technology,Notebook,2023-05-09,2023-07-07,961.86,9,0.26,259.94,South
ORD1477,CUST637,Technology,Laptop,2023-01-08,2023-03-26,1355.31,7,0.23,406.97,East
ORD1478,CUST966,Furniture,Chair,2023-04-11,2023-03-30,1530.53,3,0.05,-11.5,South
ORD1479,CUST917,Office Supplies,Pen,2023-06-25,2023-08-31,110.0,7,0.32,604.97,West
ORD1480,CUST507,Office Supplies,Pen,2023-04-17,2023-12-09,1300.27,1,0.43,767.33,South
ORD1481,CUST624,Technology,Tablet,2023-04-11,2023-04-04,468.95,3,0.41,68.6,East
ORD1482,CUST927,Office Supplies,Chair,2023-09-17,2023-03-28,1346.66,6,0.31,294.83,East
ORD1483,CUST605,Furniture,Notebook,2023-09-03,2023-02-14,947.29,4,0.04,-113.88,East
ORD1484,CUST924,Furniture,Tablet,2023-10-02,2023-05-18,1551.63,7,0.06,359.14,South
ORD1485,CUST135,Furniture,Chair,2023-02-01,2023-03-16,264.33,3,0.02,302.78,South
ORD1486,CUST784,Office Supplies,Printer,2023-05-17,2023-02-06,1260.12,1,0.13,-55.56,South
ORD1487,CUST119,Office Supplies,Desk,2023-01-12,2023-04-12,571.37,9,0.07,242.07,West
ORD1488,CUST420,Office Supplies,Tablet,2023-10-29,2023-06-06,1708.9,6,0.13,134.1,Central
ORD1489,CUST875,Office Supplies,Tablet,2023-01-16,2023-09-13,1858.2,8,0.19,321.83,Central
ORD1490,CUST611,Office Supplies,Notebook,2023-05-09,2023-06-21,1992.87,3,0.47,385.65,East
ORD1491,CUST499,Furniture,Laptop,2023-03-04,2023-08-05,1596.09,8,0.31,-191.5,West
ORD1492,CUST753,Technology,Printer,2023-04-19,2023-06-20,1512.39,2,0.42,561.01,South
ORD1493,CUST982,Furniture,Notebook,2023-01-21,2023-09-10,446.69,4,0.36,513.01,East
ORD1494,CUST570,Office Supplies,Chair,2023-06-07,2023-12-27,685.29,3,0.06,166.29,West
ORD1495,CUST242,Furniture,Chair,2023-09-26,2023-11-19,942.05,1,0.37,-147.06,East
ORD1496,CUST191,Office Supplies,Chair,2023-06-11,2023-02-25,1551.29,7,0.14,554.93,West
ORD1497,CUST453,Office Supplies,Chair,2023-09-17,2023-04-02,1831.63,2,0.32,755.18,West
ORD1498,CUST933,Furniture,Laptop,2023-04-12,2023-10-06,394.5,4,0.17,40.15,Central
ORD1499,CUST899,Office Supplies,Printer,2023-08-11,2023-04-12,1846.29,9,0.5,123.52,East
ORD1500,CUST826,Technology,Pen,2023-02-28,2023-06-05,1397.34,6,0.13,-16.19,South
ORD1501,CUST953,Office Supplies,Desk,2023-09-04,2023-12-16,1229.33,8,0.14,376.94,Central
ORD1502,CUST150,Technology,Laptop,2023-05-08,2023-12-31,415.69,2,0.47,-45.16,Central
ORD1503,CUST764,Technology,Laptop,2023-10-10,2023-05-22,129.94,7,0.01,156.19,South
ORD1504,CUST797,Office Supplies,Pen,2023-11-21,2023-06-23,1145.56,6,0.35,497.01,West
ORD1505,CUST674,Furniture,Pen,2023-01-25,2023-01-11,1310.0,9,0.36,360.12,South
ORD1506,CUST289,Technology,Desk,2023-05-11,2023-08-17,437.35,7,0.42,186.46,East
ORD1507,CUST224,Furniture,Desk,2023-12-19,2023-09-23,1121.78,1,0.49,220.25,South
ORD1508,CUST249,Technology,Pen,2023-07-15,2023-09-06,1715.86,8,0.49,362.11,West
ORD1509,CUST413,Office Supplies,Chair,2023-10-08,2023-09-05,1673.43,3,0.03,-194.14,South
ORD1510,CUST669,Office Supplies,Laptop,2023-06-03,2023-06-05,1856.16,2,0.41,-121.49,West
ORD1511,CUST441,Technology,Notebook,2023-05-13,2023-02-04,744.45,3,0.32,681.26,West
ORD1512,CUST404,Office Supplies,Desk,2023-08-15,2023-05-10,649.74,6,0.32,-122.12,East
ORD1513,CUST791,Technology,Desk,2023-07-08,2023-06-10,1503.86,3,0.06,506.8,South
ORD1514,CUST781,Office Supplies,Pen,2023-09-22,2023-03-31,873.6,5,0.33,720.04,South
ORD1515,CUST937,Furniture,Printer,2023-05-14,2023-04-04,193.35,6,0.49,70.68,East
ORD1516,CUST882,Office Supplies,Notebook,2023-07-30,2023-11-24,579.95,8,0.46,170.49,West
ORD1517,CUST153,Furniture,Notebook,2023-03-01,2023-08-30,848.79,7,0.22,368.92,South
ORD1518,CUST543,Office Supplies,Desk,2023-12-30,2023-11-20,599.18,8,0.02,681.71,East
ORD1519,CUST712,Furniture,Chair,2023-12-30,2023-04-28,677.77,3,0.18,741.91,West
ORD1520,CUST363,Office Supplies,Printer,2023-08-01,2023-04-05,601.68,4,0.41,539.56,East
ORD1521,CUST152,Furniture,Notebook,2023-08-04,2023-06-13,102.17,6,0.35,-113.38,South
ORD1522,CUST671,Technology,Desk,2023-08-14,2023-04-10,1281.45,7,0.23,469.15,East
ORD1523,CUST719,Technology,Notebook,2023-05-11,2023-04-24,1202.64,9,0.03,210.3,Central
ORD1524,CUST104,Furniture,Tablet,2023-03-17,2023-12-26,1313.7,1,0.21,270.7,West
ORD1525,CUST202,Office Supplies,Printer,2023-10-13,2023-04-02,400.77,8,0.23,-150.85,Central
ORD1526,CUST295,Furniture,Printer,2023-10-04,2023-12-13,605.4,8,0.46,-8.94,Central
ORD1527,CUST873,Office Supplies,Tablet,2023-06-05,2023-07-26,1246.84,6,0.32,590.51,West
ORD1528,CUST976,Technology,Laptop,2023-09-05,2023-01-18,1207.26,4,0.16,253.96,West
ORD1529,CUST983,Office Supplies,Tablet,2023-08-06,2023-10-02,1022.53,3,0.26,101.66,East
ORD1530,CUST449,Technology,Pen,2023-07-09,2023-06-23,713.82,3,0.03,184.02,West
ORD1531,CUST146,Office Supplies,Pen,2023-06-12,2023-04-27,1827.6,6,0.49,654.4,Central
ORD1532,CUST966,Office Supplies,Desk,2023-06-29,2023-12-16,692.75,8,0.18,549.0,Central
ORD1533,CUST922,Office Supplies,Printer,2023-02-03,2023-07-01,922.13,7,0.24,72.32,South
ORD1534,CUST919,Furniture,Laptop,2023-02-10,2023-04-02,1362.67,1,0.18,-82.5,West
ORD1535,CUST755,Furniture,Laptop,2023-11-03,2023-03-24,1095.18,6,0.34,52.0,Central
ORD1536,CUST368,Technology,Notebook,2023-12-04,2023-11-21,706.83,7,0.33,720.76,South
ORD1537,CUST469,Technology,Notebook,2023-11-10,2023-04-25,882.58,7,0.36,381.59,South
ORD1538,CUST735,Furniture,Tablet,2023-03-16,2023-09-15,1593.07,9,0.13,333.48,East
ORD1539,CUST205,Technology,Laptop,2023-10-06,2023-02-28,570.7,5,0.16,396.39,Central
ORD1540,CUST769,Furniture,Tablet,2023-06-25,2023-06-04,301.67,1,0.06,166.03,East
ORD1541,CUST758,Office Supplies,Tablet,2023-05-30,2024-01-01,640.06,2,0.33,607.11,Central
ORD1542,CUST756,Technology,Notebook,2023-09-30,2023-04-27,1702.08,4,0.02,323.29,East
ORD1543,CUST219,Technology,Printer,2023-11-21,2023-12-10,196.2,5,0.3,-83.25,East
ORD1544,CUST930,Furniture,Tablet,2023-04-18,2023-09-24,1983.56,9,0.43,-70.93,West
ORD1545,CUST886,Technology,Chair,2023-05-19,2023-11-12,1091.19,1,0.45,336.86,East
ORD1546,CUST703,Technology,Printer,2023-12-16,2023-07-23,1969.99,3,0.22,736.57,West
ORD1547,CUST157,Office Supplies,Laptop,2023-09-28,2023-02-11,1879.21,5,0.23,108.35,South
ORD1548,CUST445,Technology,Laptop,2023-12-13,2023-04-16,916.57,3,0.04,669.54,Central
ORD1549,CUST840,Office Supplies,Tablet,2023-10-16,2023-07-13,413.01,4,0.34,564.1,South
ORD1550,CUST573,Furniture,Printer,2023-07-31,2023-10-06,346.47,3,0.41,47.81,Central
ORD1551,CUST216,Technology,Notebook,2023-09-29,2023-12-21,495.18,4,0.12,-163.66,South
ORD1552,CUST929,Office Supplies,Notebook,2023-03-07,2023-08-26,1426.06,1,0.21,-98.15,Central
ORD1553,CUST890,Furniture,Pen,2023-09-05,2023-08-10,560.44,8,0.42,528.49,East
ORD1554,CUST226,Technology,Laptop,2023-06-05,2023-03-10,696.02,4,0.44,-0.33,Central
ORD1555,CUST492,Furniture,Desk,2023-02-16,2023-07-17,908.58,7,0.12,171.27,Central
ORD1556,CUST740,Technology,Pen,2023-07-20,2023-09-14,1828.2,2,0.28,301.7,South
ORD1557,CUST157,Furniture,Notebook,2023-05-28,2023-05-20,395.0,2,0.1,525.47,South
ORD1558,CUST733,Furniture,Printer,2023-05-04,2023-11-09,29.95,6,0.05,-86.77,South
ORD1559,CUST612,Office Supplies,Notebook,2023-01-01,2023-05-30,138.99,2,0.46,206.37,West
ORD1560,CUST850,Furniture,Printer,2023-09-04,2023-04-10,1811.44,6,0.41,285.07,West
ORD1561,CUST901,Technology,Pen,2023-12-09,2023-03-18,1302.08,2,0.38,340.83,Central
ORD1562,CUST195,Technology,Laptop,2023-05-08,2023-10-10,560.62,4,0.02,618.36,Central
ORD1563,CUST737,Office Supplies,Notebook,2023-07-10,2023-04-20,370.84,7,0.42,-28.32,East
ORD1564,CUST217,Technology,Tablet,2023-03-08,2023-07-08,602.65,8,0.22,607.83,East
ORD1565,CUST659,Technology,Printer,2023-01-04,2023-07-19,247.3,3,0.17,492.88,Central
ORD1566,CUST700,Technology,Laptop,2023-10-30,2023-10-31,1884.24,9,0.27,355.87,West
ORD1567,CUST587,Furniture,Desk,2023-10-21,2023-11-24,1572.73,2,0.05,499.53,Central
ORD1568,CUST336,Furniture,Printer,2023-05-23,2023-06-04,935.53,8,0.38,212.02,East
ORD1569,CUST984,Technology,Pen,2023-07-10,2023-02-10,1732.63,8,0.29,-61.6,West
ORD1570,CUST996,Office Supplies,Desk,2023-01-21,2023-05-14,513.93,4,0.09,465.77,West
ORD1571,CUST371,Furniture,Desk,2023-08-15,2023-05-13,1439.9,1,0.09,324.67,East
ORD1572,CUST288,Office Supplies,Chair,2023-11-09,2023-10-07,1715.14,1,0.09,439.37,Central
ORD1573,CUST803,Technology,Notebook,2023-04-27,2023-12-29,726.4,2,0.03,138.0,South
ORD1574,CUST546,Technology,Printer,2023-10-29,2023-03-26,1519.78,9,0.29,706.87,Central
ORD1575,CUST680,Furniture,Desk,2023-05-22,2023-08-31,604.24,2,0.42,387.37,Central
ORD1576,CUST889,Technology,Chair,2023-02-08,2023-04-27,611.74,2,0.01,-114.6,East
ORD1577,CUST960,Furniture,Pen,2023-12-21,2023-04-20,231.97,6,0.02,249.8,West
ORD1578,CUST346,Technology,Laptop,2023-09-09,2023-08-10,891.31,7,0.29,556.36,East
ORD1579,CUST175,Technology,Tablet,2023-11-29,2023-02-11,1464.83,7,0.41,594.13,Central
ORD1580,CUST253,Furniture,Tablet,2023-07-26,2024-01-04,1881.64,9,0.16,294.6,South
ORD1581,CUST755,Furniture,Printer,2023-07-29,2023-05-28,1215.52,6,0.17,694.75,South
ORD1582,CUST534,Furniture,Desk,2023-04-25,2023-04-23,1729.01,8,0.3,67.67,South
ORD1583,CUST185,Technology,Tablet,2023-08-13,2023-04-14,1648.54,6,0.14,210.6,East
ORD1584,CUST796,Technology,Notebook,2023-05-14,2023-02-16,363.22,2,0.01,698.6,West
ORD1585,CUST384,Office Supplies,Tablet,2023-09-08,2023-11-21,981.92,1,0.37,696.26,East
ORD1586,CUST319,Furniture,Tablet,2023-08-07,2023-09-29,251.51,5,0.31,485.71,South
ORD1587,CUST168,Technology,Tablet,2023-04-01,2023-07-15,1370.66,9,0.29,658.98,Central
ORD1588,CUST146,Technology,Chair,2023-12-20,2024-01-03,1900.8,8,0.37,-111.23,West
ORD1589,CUST193,Furniture,Desk,2023-02-15,2023-10-08,291.44,4,0.34,664.99,East
ORD1590,CUST849,Office Supplies,Notebook,2023-02-07,2023-10-11,1473.09,5,0.1,120.62,East
ORD1591,CUST552,Furniture,Desk,2023-05-22,2023-02-10,1271.83,5,0.18,-21.67,West
ORD1592,CUST303,Office Supplies,Printer,2023-04-10,2023-07-09,1175.54,6,0.06,39.37,West
ORD1593,CUST317,Technology,Printer,2023-11-24,2023-06-14,792.44,3,0.06,217.97,Central
ORD1594,CUST573,Office Supplies,Printer,2023-07-09,2023-01-25,723.16,5,0.34,51.19,West
ORD1595,CUST531,Technology,Pen,2023-02-04,2023-01-25,109.59,2,0.43,120.57,Central
ORD1596,CUST440,Furniture,Tablet,2023-05-27,2023-01-05,451.46,1,0.48,-65.02,South
ORD1597,CUST650,Furniture,Pen,2023-01-30,2023-11-20,50.05,1,0.31,96.18,South
ORD1598,CUST711,Furniture,Chair,2023-11-30,2023-10-18,1171.21,7,0.09,372.28,East
ORD1599,CUST388,Office Supplies,Printer,2023-03-25,2023-07-01,229.59,2,0.05,241.85,South
ORD1600,CUST353,Technology,Notebook,2023-10-08,2023-09-06,1748.58,4,0.41,146.72,South
ORD1601,CUST833,Furniture,Desk,2023-12-10,2023-04-27,1055.82,5,0.29,546.45,Central
ORD1602,CUST456,Furniture,Tablet,2023-09-27,2023-10-07,1405.39,7,0.31,693.51,East
ORD1603,CUST122,Technology,Laptop,2023-06-03,2024-01-01,833.5,2,0.39,556.79,West
ORD1604,CUST861,Furniture,Notebook,2023-04-12,2023-03-11,1129.95,6,0.35,132.0,East
ORD1605,CUST621,Technology,Tablet,2023-08-03,2023-12-18,1886.47,1,0.42,544.44,South
ORD1606,CUST857,Technology,Pen,2023-05-30,2023-09-12,183.81,7,0.03,-48.02,West
ORD1607,CUST936,Technology,Pen,2023-03-24,2023-07-01,522.8,9,0.37,-69.68,East
ORD1608,CUST199,Technology,Notebook,2023-04-20,2023-11-15,1564.38,5,0.43,145.63,East
ORD1609,CUST901,Technology,Pen,2023-10-02,2023-06-19,215.5,5,0.14,607.7,East
ORD1610,CUST279,Office Supplies,Printer,2023-07-20,2023-11-10,169.81,4,0.32,46.35,East
ORD1611,CUST322,Furniture,Chair,2023-10-11,2023-09-07,735.85,3,0.16,-136.75,Central
ORD1612,CUST861,Office Supplies,Desk,2023-06-22,2023-07-08,202.49,9,0.48,-68.29,East
ORD1613,CUST758,Furniture,Chair,2023-11-23,2023-02-24,1178.46,5,0.02,658.74,South
ORD1614,CUST541,Office Supplies,Tablet,2023-07-25,2023-11-23,468.02,8,0.29,433.78,South
ORD1615,CUST707,Technology,Desk,2023-03-04,2023-12-24,1793.48,9,0.08,53.2,Central
ORD1616,CUST868,Furniture,Desk,2023-03-14,2023-11-10,1571.33,5,0.36,355.3,West
ORD1617,CUST424,Furniture,Chair,2023-09-08,2023-05-19,1405.42,9,0.09,327.58,West
ORD1618,CUST615,Office Supplies,Notebook,2023-05-04,2023-06-18,1241.55,2,0.12,455.44,South
ORD1619,CUST115,Office Supplies,Desk,2023-05-01,2023-04-14,1729.66,9,0.25,33.19,South
ORD1620,CUST891,Furniture,Chair,2023-10-02,2023-03-27,461.66,4,0.46,664.4,Central
ORD1621,CUST435,Office Supplies,Desk,2023-04-30,2023-11-14,1748.76,6,0.11,109.37,West
ORD1622,CUST858,Office Supplies,Laptop,2023-11-13,2023-08-01,1583.19,6,0.07,494.13,West
ORD1623,CUST357,Office Supplies,Notebook,2023-06-13,2023-01-04,1501.36,6,0.38,-183.88,East
ORD1624,CUST596,Technology,Printer,2023-10-13,2023-06-29,1131.29,2,0.25,172.66,East
ORD1625,CUST995,Technology,Desk,2023-09-22,2023-12-09,507.56,7,0.46,151.71,East
ORD1626,CUST259,Office Supplies,Laptop,2023-11-16,2023-10-31,858.62,6,0.07,343.48,Central
ORD1627,CUST574,Office Supplies,Printer,2023-06-10,2023-11-29,1591.27,1,0.32,-127.26,South
ORD1628,CUST951,Technology,Printer,2023-11-04,2023-02-08,82.92,2,0.12,590.13,Central
ORD1629,CUST763,Technology,Tablet,2023-03-30,2023-08-28,1568.46,7,0.08,17.78,West
ORD1630,CUST789,Furniture,Desk,2023-05-22,2023-06-19,495.34,1,0.34,477.04,South
ORD1631,CUST774,Furniture,Chair,2023-07-22,2023-12-10,305.73,1,0.3,603.21,East
ORD1632,CUST479,Technology,Desk,2023-11-05,2023-11-11,249.09,1,0.38,361.88,Central
ORD1633,CUST644,Office Supplies,Laptop,2023-08-15,2023-11-03,73.96,8,0.15,540.88,Central
ORD1634,CUST790,Office Supplies,Printer,2023-11-30,2023-01-31,1056.7,4,0.22,461.86,East
ORD1635,CUST526,Office Supplies,Desk,2023-08-10,2023-07-10,452.15,4,0.2,155.53,Central
ORD1636,CUST712,Office Supplies,Chair,2023-02-10,2023-12-24,1979.07,2,0.49,608.86,East
ORD1637,CUST367,Furniture,Tablet,2023-07-15,2023-01-26,1157.38,1,0.15,94.7,West
ORD1638,CUST934,Technology,Desk,2023-03-09,2023-04-23,293.01,9,0.15,371.21,South
ORD1639,CUST676,Office Supplies,Notebook,2023-09-21,2023-07-26,1383.75,7,0.18,545.4,West
ORD1640,CUST516,Furniture,Tablet,2023-01-02,2023-07-05,1797.53,4,0.28,178.96,West
ORD1641,CUST267,Office Supplies,Chair,2023-12-27,2023-02-17,1495.46,6,0.13,102.77,East
ORD1642,CUST941,Technology,Laptop,2023-05-05,2023-08-17,171.35,2,0.46,259.35,Central
ORD1643,CUST142,Furniture,Printer,2023-04-20,2023-02-09,1793.85,7,0.13,617.96,West
ORD1644,CUST655,Technology,Desk,2023-03-27,2023-01-17,1591.98,2,0.45,729.92,West
ORD1645,CUST384,Technology,Chair,2023-04-30,2023-01-23,333.44,8,0.05,345.08,West
ORD1646,CUST496,Furniture,Tablet,2023-05-07,2023-08-02,122.54,8,0.33,461.47,Central
ORD1647,CUST111,Furniture,Notebook,2023-09-12,2023-11-07,1123.47,1,0.45,703.27,Central
ORD1648,CUST706,Furniture,Chair,2023-07-02,2023-05-30,328.95,8,0.08,-101.45,East
ORD1649,CUST401,Furniture,Pen,2023-01-16,2023-08-30,1672.49,2,0.48,32.08,West
ORD1650,CUST997,Furniture,Notebook,2023-03-03,2023-09-30,729.5,6,0.23,508.9,South
ORD1651,CUST352,Furniture,Tablet,2023-06-07,2023-03-01,1827.53,1,0.47,623.74,Central
ORD1652,CUST598,Furniture,Laptop,2023-09-25,2023-10-15,1140.06,5,0.34,657.03,East
ORD1653,CUST853,Office Supplies,Printer,2023-02-04,2023-07-22,381.69,7,0.15,215.11,West
ORD1654,CUST134,Technology,Tablet,2023-09-24,2023-02-02,296.41,1,0.09,-110.66,South
ORD1655,CUST826,Furniture,Laptop,2023-03-05,2023-06-12,1161.42,2,0.15,237.78,Central
ORD1656,CUST948,Office Supplies,Desk,2023-02-19,2023-09-13,1528.53,7,0.05,30.73,South
ORD1657,CUST189,Office Supplies,Chair,2023-09-12,2023-09-12,1567.38,6,0.07,91.2,Central
ORD1658,CUST875,Office Supplies,Pen,2023-05-29,2023-01-10,566.0,3,0.05,572.27,East
ORD1659,CUST704,Technology,Notebook,2023-11-21,2023-05-20,424.41,2,0.21,-124.47,South
ORD1660,CUST701,Furniture,Notebook,2023-10-31,2023-01-11,53.18,4,0.4,627.58,West
ORD1661,CUST517,Office Supplies,Chair,2023-10-03,2023-08-03,1364.81,3,0.07,227.67,West
ORD1662,CUST214,Technology,Pen,2023-12-23,2023-10-01,171.61,7,0.07,396.06,Central
ORD1663,CUST716,Technology,Chair,2023-06-21,2023-11-21,853.11,8,0.32,-110.35,West
ORD1664,CUST295,Technology,Desk,2023-07-20,2023-02-18,1211.33,2,0.1,137.36,South
ORD1665,CUST925,Office Supplies,Laptop,2023-11-20,2023-04-22,1875.48,7,0.05,-110.3,East
ORD1666,CUST600,Furniture,Tablet,2023-02-04,2023-06-03,637.37,8,0.08,761.54,Central
ORD1667,CUST725,Office Supplies,Notebook,2023-08-04,2023-05-04,514.55,6,0.46,607.26,South
ORD1668,CUST592,Office Supplies,Desk,2023-03-06,2023-12-24,1315.24,6,0.41,259.63,Central
ORD1669,CUST174,Furniture,Laptop,2023-01-08,2023-04-13,1246.09,1,0.18,23.6,East
ORD1670,CUST512,Furniture,Desk,2023-10-28,2023-08-30,677.58,4,0.33,733.46,Central
ORD1671,CUST475,Furniture,Pen,2023-12-09,2023-11-18,1857.64,1,0.27,144.6,West
ORD1672,CUST519,Technology,Notebook,2023-11-28,2023-07-11,1692.83,4,0.34,-39.02,West
ORD1673,CUST828,Furniture,Tablet,2023-03-17,2023-08-06,463.49,2,0.34,363.16,Central
ORD1674,CUST376,Office Supplies,Chair,2023-06-23,2023-02-21,493.5,5,0.31,743.77,East
ORD1675,CUST860,Furniture,Chair,2023-02-16,2023-10-20,1034.35,9,0.13,-196.17,East
ORD1676,CUST775,Office Supplies,Laptop,2023-01-15,2023-03-23,1551.67,3,0.02,38.12,West
ORD1677,CUST493,Technology,Tablet,2023-12-27,2023-03-30,107.2,8,0.23,738.45,East
ORD1678,CUST968,Office Supplies,Printer,2023-05-27,2023-07-14,1392.8,3,0.45,-28.91,Central
ORD1679,CUST556,Office Supplies,Pen,2023-01-26,2023-04-15,1303.51,6,0.28,-86.76,South
ORD1680,CUST291,Furniture,Laptop,2023-11-04,2023-09-29,478.33,4,0.42,370.19,Central
ORD1681,CUST838,Furniture,Printer,2023-04-03,2023-04-07,1369.08,8,0.5,661.84,West
ORD1682,CUST788,Office Supplies,Desk,2023-08-20,2023-07-18,1881.56,6,0.08,277.11,West
ORD1683,CUST198,Furniture,Pen,2023-01-21,2023-01-02,112.64,8,0.35,794.56,West
ORD1684,CUST647,Technology,Desk,2023-11-03,2023-06-17,652.91,1,0.34,479.17,East
ORD1685,CUST195,Technology,Tablet,2023-02-07,2023-05-07,887.59,6,0.49,-125.93,Central
ORD1686,CUST763,Furniture,Notebook,2023-10-03,2023-11-10,1800.54,1,0.49,792.83,South
ORD1687,CUST762,Technology,Pen,2023-06-06,2023-03-23,1925.28,1,0.34,207.89,Central
ORD1688,CUST289,Furniture,Printer,2023-06-28,2023-09-09,899.35,8,0.12,87.4,South
ORD1689,CUST835,Office Supplies,Notebook,2023-05-12,2023-06-19,1505.06,7,0.4,357.88,Central
ORD1690,CUST136,Office Supplies,Chair,2023-11-07,2023-03-15,1072.69,3,0.05,104.31,West
ORD1691,CUST879,Technology,Printer,2023-12-14,2023-05-22,1084.81,6,0.39,-113.54,South
ORD1692,CUST468,Furniture,Laptop,2023-01-28,2023-03-12,570.64,9,0.46,-198.57,Central
ORD1693,CUST794,Furniture,Chair,2023-09-17,2023-09-20,449.57,7,0.19,249.58,East
ORD1694,CUST624,Technology,Chair,2023-03-17,2023-12-07,590.25,3,0.32,636.86,East
ORD1695,CUST378,Office Supplies,Laptop,2023-03-08,2023-11-05,1121.53,6,0.22,372.32,Central
ORD1696,CUST316,Technology,Pen,2023-12-08,2023-09-03,77.73,4,0.22,799.21,West
ORD1697,CUST966,Office Supplies,Chair,2023-07-13,2023-01-04,1816.35,3,0.16,86.85,South
ORD1698,CUST972,Furniture,Tablet,2023-06-11,2023-12-04,329.44,9,0.38,80.46,Central
ORD1699,CUST897,Office Supplies,Printer,2023-12-13,2023-03-05,455.78,2,0.47,-40.25,East
ORD1700,CUST372,Technology,Notebook,2023-12-27,2023-02-19,1046.19,1,0.47,-35.94,South
ORD1701,CUST980,Furniture,Chair,2023-09-14,2023-03-18,1426.03,2,0.09,85.19,East
ORD1702,CUST161,Technology,Printer,2023-03-13,2024-01-04,209.54,7,0.44,592.84,East
ORD1703,CUST695,Technology,Desk,2023-03-28,2023-06-25,649.04,1,0.37,705.76,Central
ORD1704,CUST979,Office Supplies,Printer,2023-09-19,2023-04-20,1937.98,6,0.13,775.09,East
ORD1705,CUST828,Technology,Notebook,2023-08-02,2023-07-03,539.44,7,0.03,32.29,South
ORD1706,CUST441,Office Supplies,Printer,2023-06-02,2023-07-12,639.84,9,0.13,681.3,West
ORD1707,CUST496,Furniture,Laptop,2023-07-29,2023-03-07,1676.27,8,0.46,128.26,Central
ORD1708,CUST798,Office Supplies,Notebook,2023-03-02,2023-12-04,119.42,6,0.32,-87.16,South
ORD1709,CUST118,Furniture,Pen,2023-09-25,2023-09-29,939.93,3,0.36,670.02,Central
ORD1710,CUST276,Office Supplies,Desk,2023-09-19,2023-04-11,771.64,8,0.13,436.11,East
ORD1711,CUST711,Technology,Laptop,2023-08-06,2023-02-02,646.84,7,0.36,-35.27,East
ORD1712,CUST495,Office Supplies,Pen,2023-10-10,2023-12-19,585.69,3,0.01,229.83,South
ORD1713,CUST544,Office Supplies,Printer,2023-05-16,2023-05-09,200.92,9,0.19,87.26,South
ORD1714,CUST332,Furniture,Notebook,2023-12-28,2024-01-05,643.36,2,0.31,536.79,West
ORD1715,CUST175,Technology,Desk,2023-04-03,2023-12-06,105.24,3,0.07,253.42,South
ORD1716,CUST364,Office Supplies,Laptop,2023-04-19,2023-02-13,1566.31,2,0.41,789.28,South
ORD1717,CUST554,Technology,Pen,2023-08-29,2023-03-20,808.49,1,0.12,-145.26,Central
ORD1718,CUST895,Office Supplies,Pen,2023-12-21,2023-11-11,898.93,4,0.33,155.02,East
ORD1719,CUST817,Office Supplies,Desk,2023-05-22,2023-10-17,1789.32,5,0.2,281.9,South
ORD1720,CUST834,Technology,Tablet,2023-10-18,2023-09-28,1322.95,6,0.3,303.13,West
ORD1721,CUST483,Office Supplies,Printer,2023-08-25,2023-06-12,35.96,5,0.05,115.94,South
ORD1722,CUST663,Technology,Desk,2023-12-06,2023-07-09,1887.49,1,0.01,529.24,East
ORD1723,CUST950,Office Supplies,Pen,2023-11-08,2023-09-05,489.55,3,0.45,674.75,South
ORD1724,CUST605,Furniture,Chair,2023-06-26,2023-08-05,233.08,1,0.13,738.72,Central
ORD1725,CUST466,Technology,Laptop,2023-05-21,2023-11-12,1540.89,5,0.41,605.09,East
ORD1726,CUST243,Office Supplies,Desk,2023-07-08,2023-12-06,1010.95,5,0.5,650.58,South
ORD1727,CUST984,Office Supplies,Tablet,2023-02-18,2023-06-18,878.87,6,0.11,350.55,Central
ORD1728,CUST168,Furniture,Pen,2023-10-29,2023-12-06,514.02,8,0.13,625.89,East
ORD1729,CUST198,Technology,Printer,2023-07-09,2023-07-13,1103.99,1,0.33,103.5,South
ORD1730,CUST495,Office Supplies,Pen,2023-05-16,2023-10-11,563.28,4,0.48,198.48,Central
ORD1731,CUST124,Furniture,Printer,2023-02-12,2023-12-03,1805.13,1,0.46,116.91,West
ORD1732,CUST990,Office Supplies,Desk,2023-12-19,2023-01-14,446.1,9,0.25,267.39,Central
ORD1733,CUST568,Technology,Printer,2023-03-31,2023-08-29,1771.02,7,0.4,85.58,West
ORD1734,CUST583,Office Supplies,Notebook,2023-10-22,2023-11-17,1127.62,7,0.07,761.61,South
ORD1735,CUST664,Office Supplies,Notebook,2023-12-07,2023-05-28,1660.41,5,0.49,112.84,Central
ORD1736,CUST250,Office Supplies,Notebook,2023-09-02,2023-07-24,1431.44,7,0.48,-101.96,West
ORD1737,CUST243,Office Supplies,Tablet,2023-07-11,2023-03-22,1399.46,2,0.08,326.82,East
ORD1738,CUST668,Furniture,Tablet,2023-11-14,2023-02-13,662.2,4,0.15,-142.9,Central
ORD1739,CUST138,Furniture,Chair,2023-04-16,2023-03-31,483.12,7,0.05,-89.46,South
ORD1740,CUST208,Technology,Tablet,2023-12-29,2023-05-29,437.55,3,0.14,19.39,East
ORD1741,CUST792,Furniture,Desk,2023-11-06,2023-04-06,1717.24,2,0.41,264.35,West
ORD1742,CUST141,Furniture,Pen,2023-08-21,2023-06-01,1644.45,2,0.19,233.25,Central
ORD1743,CUST285,Technology,Pen,2023-09-22,2023-01-03,892.34,1,0.04,599.69,Central
ORD1744,CUST497,Furniture,Chair,2023-12-10,2023-01-23,282.16,5,0.17,539.47,South
ORD1745,CUST322,Furniture,Tablet,2023-02-06,2023-11-10,776.86,6,0.49,226.32,East
ORD1746,CUST733,Technology,Printer,2023-11-01,2023-11-25,1246.3,6,0.31,133.7,Central
ORD1747,CUST232,Technology,Chair,2023-02-10,2023-01-08,919.72,9,0.21,116.47,Central
ORD1748,CUST262,Technology,Printer,2023-01-17,2023-07-26,1564.77,4,0.08,574.0,East
ORD1749,CUST314,Office Supplies,Printer,2023-12-10,2023-04-25,1995.29,1,0.49,-147.93,Central
ORD1750,CUST832,Office Supplies,Laptop,2023-10-04,2023-09-30,398.44,6,0.41,-187.18,East
ORD1751,CUST334,Technology,Pen,2023-11-03,2023-03-25,930.11,5,0.14,595.54,East
ORD1752,CUST942,Technology,Notebook,2023-02-28,2023-06-29,873.35,6,0.04,277.15,East
ORD1753,CUST757,Technology,Tablet,2023-07-02,2023-07-30,622.9,3,0.03,-69.12,South
ORD1754,CUST850,Office Supplies,Printer,2023-02-10,2023-11-25,412.23,2,0.06,35.57,East
ORD1755,CUST687,Office Supplies,Laptop,2023-02-08,2023-05-05,150.07,6,0.29,732.5,East
ORD1756,CUST108,Furniture,Pen,2023-07-11,2023-04-24,1776.5,1,0.46,659.5,West
ORD1757,CUST173,Furniture,Notebook,2023-09-24,2023-01-13,851.3,7,0.25,509.79,West
ORD1758,CUST591,Technology,Printer,2023-05-27,2023-05-07,1003.85,7,0.42,282.23,South
ORD1759,CUST352,Office Supplies,Printer,2023-11-29,2023-02-23,1835.55,7,0.22,320.32,East
ORD1760,CUST329,Office Supplies,Chair,2023-05-07,2023-11-28,1557.06,1,0.35,775.24,West
ORD1761,CUST618,Office Supplies,Chair,2023-02-15,2023-10-11,278.39,4,0.37,765.77,West
ORD1762,CUST273,Technology,Pen,2023-02-14,2023-05-21,1139.53,7,0.09,15.27,Central
ORD1763,CUST752,Furniture,Notebook,2023-01-01,2023-04-08,895.66,9,0.18,611.1,East
ORD1764,CUST267,Technology,Printer,2023-06-17,2023-01-06,1598.48,5,0.32,-2.76,West
ORD1765,CUST269,Furniture,Pen,2023-04-18,2023-02-27,1453.98,2,0.04,13.54,South
ORD1766,CUST492,Furniture,Pen,2023-01-19,2023-12-01,1387.0,7,0.18,476.09,Central
ORD1767,CUST894,Technology,Desk,2023-11-28,2023-03-11,694.28,1,0.27,205.0,Central
ORD1768,CUST733,Furniture,Tablet,2023-03-13,2023-04-29,1613.83,7,0.5,731.54,East
ORD1769,CUST293,Furniture,Chair,2023-04-19,2023-03-01,123.73,6,0.24,-110.99,East
ORD1770,CUST616,Office Supplies,Notebook,2023-09-25,2023-02-03,336.06,7,0.41,311.53,Central
ORD1771,CUST128,Furniture,Printer,2023-08-28,2023-11-15,684.53,3,0.22,718.52,South
ORD1772,CUST264,Technology,Pen,2023-10-28,2023-02-20,172.08,3,0.4,704.11,East
ORD1773,CUST521,Technology,Printer,2023-03-31,2024-01-04,485.29,7,0.3,-43.47,East
ORD1774,CUST438,Furniture,Desk,2023-04-13,2023-01-20,1663.7,2,0.44,166.64,Central
ORD1775,CUST747,Office Supplies,Notebook,2023-09-07,2023-08-03,1897.54,1,0.21,419.12,Central
ORD1776,CUST595,Office Supplies,Pen,2023-01-08,2023-07-17,623.11,9,0.3,-40.61,East
ORD1777,CUST464,Furniture,Printer,2023-06-02,2023-02-17,543.74,9,0.32,768.02,West
ORD1778,CUST932,Furniture,Chair,2023-12-13,2023-06-17,574.19,7,0.21,714.75,East
ORD1779,CUST441,Technology,Tablet,2023-06-23,2023-10-17,569.88,7,0.07,-33.05,West
ORD1780,CUST599,Furniture,Desk,2023-12-09,2023-05-22,91.14,3,0.05,-78.84,Central
ORD1781,CUST756,Office Supplies,Notebook,2023-06-07,2023-03-26,1855.29,2,0.01,-114.59,West
ORD1782,CUST610,Furniture,Desk,2023-08-03,2023-07-02,443.12,7,0.44,709.44,South
ORD1783,CUST426,Technology,Chair,2023-06-26,2023-03-21,851.61,9,0.12,-6.38,Central
ORD1784,CUST316,Technology,Notebook,2023-06-24,2023-08-04,39.18,1,0.11,216.28,East
ORD1785,CUST400,Technology,Desk,2023-12-06,2023-01-15,1718.75,4,0.37,248.85,East
ORD1786,CUST231,Technology,Laptop,2023-12-04,2023-08-04,1467.69,6,0.16,399.01,Central
ORD1787,CUST903,Technology,Chair,2023-05-26,2023-05-09,1894.58,7,0.25,-128.26,Central
ORD1788,CUST169,Furniture,Chair,2023-11-20,2023-11-07,1567.6,7,0.08,26.76,South
ORD1789,CUST351,Furniture,Chair,2023-06-10,2023-09-06,641.14,2,0.48,731.49,Central
ORD1790,CUST514,Furniture,Laptop,2023-05-07,2023-01-30,510.79,4,0.43,708.41,East
ORD1791,CUST886,Furniture,Laptop,2023-03-23,2023-10-08,1401.48,5,0.43,581.29,South
ORD1792,CUST544,Technology,Printer,2023-05-27,2023-12-05,740.94,1,0.2,-180.6,East
ORD1793,CUST975,Office Supplies,Pen,2023-08-27,2023-11-16,1141.11,1,0.38,127.01,West
ORD1794,CUST281,Furniture,Tablet,2023-03-25,2023-07-22,32.39,3,0.07,427.96,Central
ORD1795,CUST266,Office Supplies,Desk,2023-04-23,2023-12-28,142.53,3,0.0,75.19,West
ORD1796,CUST190,Furniture,Printer,2023-08-13,2023-02-27,1080.03,8,0.01,709.59,East
ORD1797,CUST813,Furniture,Desk,2023-11-28,2023-08-07,1140.82,9,0.29,433.89,West
ORD1798,CUST957,Office Supplies,Tablet,2023-08-31,2023-03-04,1507.88,1,0.23,-128.09,West
ORD1799,CUST630,Technology,Pen,2023-05-23,2023-06-07,281.29,2,0.26,709.01,East
ORD1800,CUST138,Furniture,Laptop,2023-02-10,2023-07-22,1036.1,2,0.0,757.77,East
ORD1801,CUST225,Furniture,Pen,2023-09-15,2023-01-18,405.01,4,0.21,-122.29,Central
ORD1802,CUST550,Furniture,Laptop,2023-10-12,2023-11-19,204.53,2,0.36,332.36,West
ORD1803,CUST272,Office Supplies,Tablet,2023-04-15,2023-01-07,832.78,7,0.22,103.36,South
ORD1804,CUST752,Technology,Pen,2023-07-21,2023-02-28,343.41,9,0.37,192.84,South
ORD1805,CUST853,Office Supplies,Printer,2023-11-03,2023-11-22,459.13,7,0.12,-20.35,East
ORD1806,CUST319,Office Supplies,Notebook,2023-11-27,2023-11-15,648.76,6,0.41,378.07,East
ORD1807,CUST737,Technology,Printer,2023-09-23,2023-06-19,533.59,1,0.29,757.98,West
ORD1808,CUST157,Office Supplies,Desk,2023-07-29,2023-03-24,193.43,9,0.11,303.07,East
ORD1809,CUST759,Technology,Printer,2023-02-20,2023-08-08,198.03,5,0.12,-117.09,South
ORD1810,CUST575,Furniture,Tablet,2023-04-28,2023-06-27,402.63,5,0.31,420.0,Central
ORD1811,CUST555,Technology,Chair,2023-07-20,2023-07-24,120.11,6,0.41,140.22,Central
ORD1812,CUST928,Furniture,Desk,2023-02-08,2023-03-13,1260.38,9,0.21,655.93,West
ORD1813,CUST994,Office Supplies,Pen,2023-01-28,2023-09-24,588.91,8,0.13,234.68,Central
ORD1814,CUST460,Office Supplies,Desk,2023-09-16,2023-04-09,573.9,8,0.43,-7.16,East
ORD1815,CUST100,Furniture,Notebook,2023-03-25,2023-12-12,677.36,8,0.33,-8.89,East
ORD1816,CUST486,Office Supplies,Laptop,2023-06-04,2023-10-19,1332.34,1,0.22,568.76,East
ORD1817,CUST447,Technology,Pen,2023-04-27,2023-07-28,1743.86,1,0.24,65.59,East
ORD1818,CUST289,Furniture,Desk,2023-01-02,2023-01-03,1522.99,8,0.1,567.23,West
ORD1819,CUST604,Office Supplies,Pen,2023-04-03,2023-05-05,1460.51,5,0.31,5.89,Central
ORD1820,CUST290,Furniture,Pen,2023-06-15,2023-10-08,979.09,9,0.18,121.69,South
ORD1821,CUST607,Technology,Pen,2023-12-16,2023-03-16,1393.74,2,0.5,265.49,Central
ORD1822,CUST468,Technology,Laptop,2023-10-23,2023-06-16,1114.47,9,0.24,743.2,East
ORD1823,CUST508,Office Supplies,Tablet,2023-09-15,2023-01-23,448.18,8,0.24,731.73,South
ORD1824,CUST923,Technology,Printer,2023-03-22,2023-06-04,433.0,9,0.28,6.87,West
ORD1825,CUST216,Furniture,Pen,2023-09-25,2023-10-23,606.86,4,0.46,158.22,East
ORD1826,CUST233,Technology,Chair,2023-08-23,2023-08-08,1823.39,1,0.4,-50.6,East
ORD1827,CUST157,Furniture,Tablet,2023-11-17,2023-06-07,1103.88,1,0.23,309.99,South
ORD1828,CUST655,Furniture,Notebook,2023-11-07,2023-08-19,1473.13,5,0.36,260.58,West
ORD1829,CUST784,Technology,Laptop,2023-10-28,2023-01-21,706.19,2,0.29,700.76,South
ORD1830,CUST771,Office Supplies,Desk,2023-12-23,2023-02-11,827.28,8,0.25,730.01,West
ORD1831,CUST272,Technology,Laptop,2023-08-01,2023-05-29,268.62,5,0.1,183.57,East
ORD1832,CUST928,Furniture,Desk,2023-03-03,2023-04-19,359.16,5,0.23,291.74,Central
ORD1833,CUST914,Furniture,Laptop,2023-02-18,2023-03-26,1658.17,2,0.12,696.24,East
ORD1834,CUST248,Technology,Desk,2023-05-07,2024-01-03,1177.98,7,0.46,606.71,Central
ORD1835,CUST179,Office Supplies,Pen,2023-08-11,2023-11-19,688.31,8,0.17,-196.34,Central
ORD1836,CUST985,Office Supplies,Printer,2023-10-06,2023-11-06,1609.65,1,0.48,120.06,West
ORD1837,CUST312,Furniture,Desk,2023-10-21,2023-10-18,508.11,2,0.27,221.77,South
ORD1838,CUST302,Furniture,Desk,2023-10-11,2023-11-20,1952.54,4,0.32,29.72,West
ORD1839,CUST863,Office Supplies,Chair,2023-10-04,2023-05-15,702.74,5,0.27,-0.43,East
ORD1840,CUST328,Technology,Desk,2023-04-17,2023-07-27,687.88,2,0.06,-162.22,South
ORD1841,CUST775,Furniture,Chair,2023-05-26,2023-10-11,637.59,1,0.19,443.37,Central
ORD1842,CUST326,Furniture,Notebook,2023-04-09,2023-09-24,261.78,9,0.05,62.51,Central
ORD1843,CUST758,Office Supplies,Pen,2023-03-14,2023-03-15,240.05,1,0.31,-147.65,East
ORD1844,CUST631,Technology,Chair,2023-05-02,2023-12-19,1303.25,4,0.22,30.98,South
ORD1845,CUST540,Office Supplies,Printer,2023-01-30,2023-02-18,1752.73,2,0.39,601.91,East
ORD1846,CUST501,Technology,Tablet,2023-07-07,2023-11-23,1585.23,4,0.11,651.49,East
ORD1847,CUST146,Technology,Pen,2023-12-30,2023-08-22,299.39,8,0.08,283.07,West
ORD1848,CUST332,Technology,Chair,2023-12-20,2023-04-11,1100.25,8,0.2,216.07,East
ORD1849,CUST404,Furniture,Pen,2023-10-15,2023-03-01,229.07,9,0.46,777.85,South
ORD1850,CUST625,Office Supplies,Pen,2023-07-14,2023-09-16,109.68,5,0.36,0.56,East
ORD1851,CUST242,Office Supplies,Pen,2023-06-05,2023-03-07,1319.64,7,0.21,15.36,South
ORD1852,CUST514,Technology,Notebook,2023-06-21,2023-03-25,1079.6,3,0.26,91.87,Central
ORD1853,CUST612,Furniture,Printer,2023-12-01,2023-06-04,182.41,4,0.04,-27.24,East
ORD1854,CUST472,Furniture,Laptop,2023-02-10,2023-09-24,89.18,9,0.49,179.37,South
ORD1855,CUST665,Office Supplies,Laptop,2023-03-04,2023-11-06,1979.72,1,0.33,710.83,Central
ORD1856,CUST985,Furniture,Chair,2023-01-23,2023-03-21,79.44,2,0.14,415.35,South
ORD1857,CUST358,Furniture,Pen,2023-12-26,2023-11-12,900.17,5,0.29,211.95,Central
ORD1858,CUST755,Technology,Chair,2023-03-16,2023-05-31,1019.15,3,0.05,734.41,West
ORD1859,CUST570,Furniture,Notebook,2023-02-17,2023-02-18,252.21,2,0.48,-151.54,East
ORD1860,CUST111,Technology,Notebook,2023-06-09,2023-09-06,354.74,1,0.09,10.28,East
ORD1861,CUST429,Office Supplies,Desk,2023-11-09,2023-10-06,716.57,3,0.32,365.89,Central
ORD1862,CUST835,Furniture,Notebook,2023-04-28,2023-12-23,1528.12,1,0.12,415.55,West
ORD1863,CUST883,Office Supplies,Desk,2023-04-10,2023-04-09,1024.02,1,0.36,-160.44,South
ORD1864,CUST457,Office Supplies,Printer,2023-06-16,2023-01-26,1283.05,1,0.39,203.04,West
ORD1865,CUST507,Furniture,Chair,2023-10-17,2023-10-12,1970.65,8,0.34,449.15,South
ORD1866,CUST767,Furniture,Tablet,2023-06-05,2024-01-05,1540.65,3,0.31,498.07,South
ORD1867,CUST472,Office Supplies,Printer,2023-01-07,2023-10-29,880.04,1,0.45,438.14,East
ORD1868,CUST107,Furniture,Notebook,2023-07-15,2023-03-10,903.96,7,0.04,120.56,Central
ORD1869,CUST221,Technology,Printer,2023-02-25,2023-01-08,1245.17,3,0.17,-106.48,East
ORD1870,CUST447,Technology,Printer,2023-11-17,2023-11-02,1337.42,8,0.12,227.11,East
ORD1871,CUST775,Furniture,Printer,2023-07-12,2023-05-18,1011.41,4,0.49,-71.25,East
ORD1872,CUST189,Office Supplies,Notebook,2023-02-16,2023-06-14,1296.83,4,0.19,747.62,South
ORD1873,CUST747,Furniture,Tablet,2023-05-28,2023-03-25,66.59,5,0.37,275.17,East
ORD1874,CUST797,Furniture,Pen,2023-10-02,2023-05-19,870.65,6,0.34,117.26,South
ORD1875,CUST415,Office Supplies,Printer,2023-06-06,2023-03-15,572.3,7,0.11,566.3,Central
ORD1876,CUST277,Office Supplies,Desk,2023-07-21,2023-08-26,275.77,4,0.12,297.95,South
ORD1877,CUST639,Technology,Notebook,2023-05-06,2023-02-16,217.1,8,0.14,110.03,South
ORD1878,CUST831,Office Supplies,Printer,2023-11-01,2023-04-17,1214.32,6,0.21,611.97,West
ORD1879,CUST968,Technology,Tablet,2023-10-21,2023-10-16,1056.73,1,0.12,667.15,East
ORD1880,CUST140,Office Supplies,Pen,2023-03-05,2023-09-20,522.1,1,0.01,473.01,East
ORD1881,CUST839,Furniture,Notebook,2023-11-21,2023-06-26,952.48,9,0.44,-153.04,East
ORD1882,CUST803,Technology,Laptop,2023-06-25,2023-06-16,994.62,6,0.48,366.32,East
ORD1883,CUST601,Technology,Pen,2023-04-26,2023-05-26,406.12,8,0.17,563.29,West
ORD1884,CUST244,Technology,Desk,2023-07-23,2023-11-27,1311.14,7,0.17,-63.5,West
ORD1885,CUST300,Furniture,Printer,2023-11-17,2023-10-11,1566.22,6,0.0,28.67,West
ORD1886,CUST823,Furniture,Tablet,2023-01-31,2023-02-24,1587.1,4,0.34,682.5,West
ORD1887,CUST560,Furniture,Laptop,2023-04-23,2023-06-28,1212.89,7,0.41,-179.88,East
ORD1888,CUST831,Furniture,Tablet,2023-12-31,2023-09-02,1033.04,9,0.07,552.73,South
ORD1889,CUST851,Furniture,Laptop,2023-11-21,2023-12-08,140.79,7,0.08,273.77,Central
ORD1890,CUST657,Technology,Notebook,2023-12-10,2023-05-08,589.91,1,0.4,246.77,West
ORD1891,CUST646,Furniture,Laptop,2023-03-08,2024-01-03,204.68,9,0.31,-192.9,South
ORD1892,CUST352,Technology,Desk,2023-03-16,2023-09-29,1928.37,4,0.02,619.4,West
ORD1893,CUST489,Furniture,Desk,2023-02-14,2023-05-13,287.46,3,0.31,159.82,East
ORD1894,CUST693,Office Supplies,Chair,2023-09-17,2023-04-04,320.52,4,0.15,340.77,East
ORD1895,CUST982,Technology,Desk,2023-06-03,2023-03-15,1781.36,4,0.18,477.3,South
ORD1896,CUST355,Office Supplies,Pen,2023-06-04,2023-09-06,1888.98,2,0.38,502.63,South
ORD1897,CUST808,Technology,Laptop,2023-12-29,2023-12-15,1536.34,1,0.41,755.98,South
ORD1898,CUST914,Office Supplies,Desk,2023-08-22,2023-10-01,30.7,1,0.2,331.34,East
ORD1899,CUST549,Furniture,Notebook,2023-02-20,2023-02-13,22.67,8,0.47,199.72,East
ORD1900,CUST109,Furniture,Tablet,2023-11-02,2023-02-11,768.64,2,0.2,753.7,Central
ORD1901,CUST923,Furniture,Tablet,2023-09-19,2023-06-20,303.92,5,0.39,442.11,South
ORD1902,CUST897,Technology,Chair,2023-11-11,2023-08-01,56.4,4,0.24,98.15,Central
ORD1903,CUST341,Office Supplies,Tablet,2023-05-05,2023-06-18,938.85,8,0.45,-73.54,West
ORD1904,CUST350,Furniture,Laptop,2023-09-02,2023-02-09,1887.26,2,0.45,642.55,Central
ORD1905,CUST976,Office Supplies,Chair,2023-01-30,2024-01-05,661.16,9,0.04,162.18,West
ORD1906,CUST104,Office Supplies,Laptop,2023-05-02,2023-09-03,1329.06,7,0.47,460.47,West
ORD1907,CUST218,Furniture,Notebook,2023-05-05,2023-06-01,1311.43,7,0.41,270.82,Central
ORD1908,CUST900,Furniture,Chair,2023-02-06,2023-04-22,517.14,1,0.4,-1.07,South
ORD1909,CUST473,Office Supplies,Printer,2023-06-19,2023-02-17,1307.84,2,0.1,401.69,West
ORD1910,CUST164,Furniture,Pen,2023-05-04,2023-03-05,440.42,4,0.4,-139.32,South
ORD1911,CUST245,Furniture,Pen,2023-12-23,2023-08-14,261.57,4,0.43,213.34,East
ORD1912,CUST323,Furniture,Laptop,2023-02-04,2024-01-02,1408.74,3,0.14,346.61,West
ORD1913,CUST338,Technology,Tablet,2023-03-28,2023-03-11,244.61,7,0.48,236.05,East
ORD1914,CUST276,Office Supplies,Printer,2023-05-14,2023-10-27,1993.88,8,0.02,548.67,Central
ORD1915,CUST878,Office Supplies,Chair,2023-07-15,2023-10-18,383.24,2,0.07,627.92,South
ORD1916,CUST952,Technology,Printer,2023-10-01,2023-10-24,1196.4,4,0.27,571.24,Central
ORD1917,CUST381,Office Supplies,Printer,2023-07-20,2023-07-23,834.52,3,0.29,-161.19,West
ORD1918,CUST162,Furniture,Tablet,2023-10-12,2023-03-03,270.25,2,0.32,-5.87,East
ORD1919,CUST316,Office Supplies,Chair,2023-03-18,2023-11-15,75.13,6,0.01,336.61,West
ORD1920,CUST953,Furniture,Notebook,2023-02-28,2023-11-11,1253.01,4,0.48,734.82,Central
ORD1921,CUST926,Technology,Tablet,2023-05-06,2023-06-11,1617.38,6,0.02,634.96,South
ORD1922,CUST894,Furniture,Printer,2023-04-19,2023-11-28,1687.19,2,0.07,642.53,South
ORD1923,CUST788,Office Supplies,Printer,2023-08-12,2023-01-17,975.77,4,0.01,103.21,West
ORD1924,CUST560,Office Supplies,Notebook,2023-10-05,2023-12-05,1559.36,6,0.28,229.45,West
ORD1925,CUST709,Office Supplies,Printer,2023-03-09,2023-04-05,1352.24,5,0.47,270.71,East
ORD1926,CUST204,Technology,Printer,2023-03-10,2023-11-01,1454.02,3,0.33,-42.63,Central
ORD1927,CUST198,Technology,Printer,2023-06-14,2023-05-19,995.35,8,0.41,-168.93,West
ORD1928,CUST610,Office Supplies,Pen,2023-11-01,2023-12-05,1274.16,7,0.01,746.9,East
ORD1929,CUST484,Furniture,Tablet,2023-06-11,2023-02-08,1614.94,3,0.27,40.71,West
ORD1930,CUST504,Technology,Desk,2023-12-31,2023-05-08,807.81,6,0.23,39.95,South
ORD1931,CUST922,Office Supplies,Tablet,2023-12-08,2023-10-03,1615.84,4,0.25,-116.62,East
ORD1932,CUST617,Office Supplies,Notebook,2023-11-05,2023-06-14,1192.19,5,0.04,728.51,East
ORD1933,CUST575,Technology,Printer,2023-12-09,2023-11-16,348.48,5,0.34,379.74,West
ORD1934,CUST808,Technology,Tablet,2023-02-11,2023-03-19,68.87,7,0.25,467.04,Central
ORD1935,CUST962,Technology,Pen,2023-12-20,2023-06-24,738.25,5,0.38,711.58,South
ORD1936,CUST744,Furniture,Notebook,2023-04-19,2023-12-25,1102.46,3,0.24,145.62,Central
ORD1937,CUST969,Furniture,Laptop,2023-02-20,2023-11-18,1682.84,5,0.07,421.51,East
ORD1938,CUST870,Office Supplies,Tablet,2023-09-07,2023-04-02,272.42,7,0.32,-161.2,Central
ORD1939,CUST536,Technology,Laptop,2023-12-07,2023-08-27,1604.41,5,0.09,-13.23,East
ORD1940,CUST122,Furniture,Printer,2023-01-21,2023-09-22,1728.76,5,0.44,631.25,Central
ORD1941,CUST664,Technology,Pen,2023-10-27,2023-06-29,318.36,9,0.31,566.77,West
ORD1942,CUST776,Office Supplies,Pen,2023-05-19,2023-07-29,1706.16,3,0.08,150.64,Central
ORD1943,CUST813,Furniture,Tablet,2023-12-25,2023-03-15,1983.08,6,0.48,176.81,East
ORD1944,CUST557,Furniture,Notebook,2023-11-20,2023-04-18,1459.14,1,0.26,333.55,South
ORD1945,CUST182,Furniture,Notebook,2023-04-02,2023-12-12,1573.84,5,0.04,-199.76,South
ORD1946,CUST244,Office Supplies,Pen,2023-10-07,2023-10-23,1988.94,8,0.31,41.24,South
ORD1947,CUST184,Technology,Notebook,2023-05-05,2024-01-05,1218.85,5,0.13,8.23,East
ORD1948,CUST177,Furniture,Pen,2023-04-21,2023-10-12,629.62,9,0.4,50.48,Central
ORD1949,CUST556,Office Supplies,Tablet,2023-12-20,2023-12-20,1678.31,6,0.41,605.91,South
ORD1950,CUST977,Technology,Desk,2023-05-19,2023-07-02,1236.68,8,0.49,79.67,South
ORD1951,CUST100,Office Supplies,Pen,2023-09-30,2023-02-07,1170.77,8,0.25,-8.48,South
ORD1952,CUST150,Technology,Laptop,2023-04-09,2023-05-18,522.2,3,0.23,304.26,West
ORD1953,CUST784,Office Supplies,Notebook,2023-09-09,2023-12-05,1517.54,7,0.38,665.65,East
ORD1954,CUST816,Technology,Pen,2023-12-04,2023-02-26,181.7,7,0.07,41.35,East
ORD1955,CUST871,Furniture,Pen,2023-04-14,2023-07-07,1850.09,6,0.27,-121.46,East
ORD1956,CUST545,Technology,Tablet,2023-08-02,2023-12-08,665.13,7,0.27,156.4,East
ORD1957,CUST548,Office Supplies,Notebook,2023-09-06,2023-09-16,272.99,2,0.04,547.65,East
ORD1958,CUST980,Office Supplies,Desk,2023-06-01,2023-02-28,895.89,9,0.21,350.69,West
ORD1959,CUST587,Technology,Tablet,2023-09-07,2023-12-30,104.09,1,0.43,616.79,Central
ORD1960,CUST899,Furniture,Desk,2023-10-02,2023-05-04,1375.56,1,0.43,759.59,West
ORD1961,CUST133,Furniture,Tablet,2023-06-14,2023-07-08,1807.36,3,0.05,592.66,South
ORD1962,CUST447,Technology,Notebook,2023-12-07,2023-08-19,1677.78,3,0.05,403.8,West
ORD1963,CUST194,Technology,Chair,2023-01-08,2023-06-18,272.19,1,0.13,293.34,East
ORD1964,CUST171,Office Supplies,Notebook,2023-10-11,2023-04-25,270.02,7,0.44,-159.93,West
ORD1965,CUST650,Furniture,Notebook,2023-01-05,2023-09-10,1630.6,4,0.06,784.32,East
ORD1966,CUST253,Technology,Desk,2023-05-25,2023-04-18,1850.02,2,0.36,183.48,West
ORD1967,CUST349,Furniture,Desk,2023-04-11,2023-02-07,932.13,5,0.05,-47.77,East
ORD1968,CUST773,Technology,Notebook,2023-06-13,2023-12-02,1007.96,6,0.31,466.71,South
ORD1969,CUST537,Technology,Notebook,2023-05-27,2023-04-03,650.16,9,0.18,84.29,East
ORD1970,CUST217,Furniture,Notebook,2023-03-05,2023-01-19,1790.64,4,0.39,385.78,West
ORD1971,CUST870,Technology,Desk,2023-04-01,2023-12-21,1296.91,2,0.12,386.77,South
ORD1972,CUST990,Technology,Notebook,2023-04-27,2023-03-05,590.74,5,0.32,245.73,West
ORD1973,CUST405,Office Supplies,Notebook,2023-12-20,2023-05-31,611.59,3,0.12,636.12,South
ORD1974,CUST367,Technology,Printer,2023-09-24,2023-05-20,1784.58,2,0.36,64.97,Central
ORD1975,CUST153,Technology,Chair,2023-11-06,2023-07-06,47.0,1,0.44,248.63,Central
ORD1976,CUST335,Technology,Laptop,2023-06-22,2023-07-05,659.0,2,0.06,337.69,Central
ORD1977,CUST488,Office Supplies,Chair,2023-02-16,2023-07-25,1117.63,6,0.43,463.62,West
ORD1978,CUST833,Furniture,Printer,2023-05-20,2023-09-18,313.47,8,0.3,583.97,West
ORD1979,CUST862,Office Supplies,Laptop,2023-09-03,2023-08-03,202.36,3,0.06,194.81,South
ORD1980,CUST924,Office Supplies,Tablet,2023-05-29,2023-09-14,1634.25,9,0.21,446.05,South
ORD1981,CUST500,Furniture,Notebook,2023-09-03,2023-05-16,1790.92,9,0.08,-49.39,South
ORD1982,CUST723,Office Supplies,Printer,2023-01-05,2023-03-03,1650.74,2,0.35,732.65,South
ORD1983,CUST866,Furniture,Tablet,2023-07-03,2023-12-30,1799.6,8,0.38,183.06,East
ORD1984,CUST402,Office Supplies,Notebook,2023-01-20,2023-11-07,1115.16,5,0.05,529.52,Central
ORD1985,CUST306,Furniture,Desk,2023-02-15,2023-03-30,1628.27,4,0.25,-179.66,East
ORD1986,CUST328,Technology,Pen,2023-01-12,2023-11-21,780.4,5,0.41,5.19,East
ORD1987,CUST952,Office Supplies,Printer,2023-03-11,2023-07-27,1339.21,4,0.47,287.08,East
ORD1988,CUST677,Office Supplies,Desk,2023-01-17,2023-05-10,1977.89,8,0.26,678.25,East
ORD1989,CUST174,Office Supplies,Printer,2023-05-27,2023-11-08,466.94,4,0.48,327.26,Central
ORD1990,CUST534,Office Supplies,Printer,2023-06-03,2023-01-04,792.0,6,0.27,729.87,East
ORD1991,CUST202,Technology,Desk,2023-10-31,2023-08-31,970.49,2,0.2,283.8,South
ORD1992,CUST521,Office Supplies,Laptop,2023-04-18,2023-05-02,293.27,5,0.42,290.45,West
ORD1993,CUST803,Technology,Chair,2023-08-24,2023-04-13,180.46,6,0.25,-80.25,South
ORD1994,CUST863,Technology,Notebook,2023-11-04,2023-02-08,1662.85,5,0.24,602.66,West
ORD1995,CUST837,Technology,Printer,2023-12-18,2023-12-08,1954.05,2,0.25,46.97,South
ORD1996,CUST905,Technology,Notebook,2023-03-11,2023-05-14,821.36,7,0.42,699.61,South
ORD1997,CUST405,Furniture,Pen,2023-07-02,2023-07-22,193.55,4,0.42,710.82,West
ORD1998,CUST197,Furniture,Desk,2023-09-07,2023-12-15,150.31,8,0.2,743.31,Central
ORD1999,CUST949,Office Supplies,Notebook,2023-08-16,2023-01-22,1784.81,7,0.17,320.23,East
